DRS_id,DRS,Município,Janeiro Notificados,Janeiro Confirmados,Fevereiro Notificados,Fevereiro Confirmados,Março Notificados,Março Confirmados,Total Notificados,Total Confirmados,Coluna 1,Coluna 2,Coluna 3,Coluna 4,Coluna 5,Coluna 6,Coluna 7,Coluna 8,Coluna 9,Coluna 10,Coluna 11,Coluna 12,Coluna 13,Coluna 14,Coluna 15,Coluna 16,Coluna 17,Coluna 18,Coluna 19
9.00,MARÍLIA,350010 Adamantina,61.00,8.00,197.00,36.00,244.00,25.00,502.00,69.00,,,,,,,,,,,,,,,,,,,
15.00,SÃO JOSÉ DO RIO PRETO,350020 Adolfo,12.00,0.00,29.00,3.00,47.00,3.00,88.00,6.00,,,,,,,,,,,,,,,,,,,
14.00,SÃO JOÃO DA BOA VISTA,350030 Aguaí,29.00,5.00,210.00,15.00,458.00,47.00,697.00,67.00,,,,,,,,,,,,,,,,,,,
14.00,SÃO JOÃO DA BOA VISTA,350040 Águas da Prata,8.00,0.00,52.00,14.00,117.00,62.00,177.00,76.00,,,,,,,,,,,,,,,,,,,
7.00,CAMPINAS,350050 Águas de Lindóia,14.00,7.00,119.00,77.00,418.00,265.00,551.00,349.00,,,,,,,,,,,,,,,,,,,
6.00,BAURU,350055 Águas de Santa Bárbara,1.00,0.00,55.00,9.00,76.00,41.00,132.00,50.00,,,,,,,,,,,,,,,,,,,
10.00,PIRACICABA,350060 Águas de São Pedro,12.00,0.00,55.00,11.00,78.00,25.00,145.00,36.00,,,,,,,,,,,,,,,,,,,
6.00,BAURU,350070 Agudos,26.00,11.00,59.00,33.00,113.00,87.00,198.00,131.00,,,,,,,,,,,,,,,,,,,
16.00,SOROCABA,350075 Alambari,5.00,0.00,36.00,9.00,42.00,23.00,83.00,32.00,,,,,,,,,,,,,,,,,,,
11.00,PRESIDENTE PRUDENTE,350080 Alfredo Marcondes,5.00,0.00,8.00,0.00,12.00,2.00,25.00,2.00,,,,,,,,,,,,,,,,,,,
5.00,BARRETOS,350090 Altair,31.00,3.00,30.00,9.00,26.00,4.00,87.00,16.00,,,,,,,,,,,,,,,,,,,
13.00,RIBEIRÃO PRETO,350100 Altinópolis,10.00,3.00,34.00,19.00,90.00,73.00,134.00,95.00,,,,,,,,,,,,,,,,,,,
2.00,ARAÇATUBA,350110 Alto Alegre,1.00,0.00,2.00,1.00,2.00,1.00,5.00,2.00,,,,,,,,,,,,,,,,,,,
16.00,SOROCABA,350115 Alumínio,28.00,9.00,128.00,24.00,250.00,50.00,406.00,83.00,,,,,,,,,,,,,,,,,,,
15.00,SÃO JOSÉ DO RIO PRETO,350120 Álvares Florence,16.00,2.00,37.00,6.00,59.00,12.00,112.00,20.00,,,,,,,,,,,,,,,,,,,
11.00,PRESIDENTE PRUDENTE,350130 Álvares Machado,64.00,1.00,138.00,8.00,166.00,2.00,368.00,11.00,,,,,,,,,,,,,,,,,,,
9.00,MARÍLIA,350140 Álvaro de Carvalho,7.00,3.00,38.00,5.00,46.00,1.00,91.00,9.00,,,,,,,,,,,,,,,,,,,
9.00,MARÍLIA,350150 Alvinlândia,4.00,2.00,18.00,2.00,45.00,8.00,67.00,12.00,,,,,,,,,,,,,,,,,,,
7.00,CAMPINAS,350160 Americana,258.00,34.00,851.00,228.00,"1,248.00",466.00,"2,357.00",728.00,,,,,,,,,,,,,,,,,,,
3.00,ARARAQUARA,350170 Américo Brasiliense,75.00,8.00,170.00,32.00,145.00,32.00,390.00,72.00,,,,,,,,,,,,,,,,,,,
15.00,SÃO JOSÉ DO RIO PRETO,350180 Américo de Campos,14.00,4.00,36.00,16.00,38.00,12.00,88.00,32.00,,,,,,,,,,,,,,,,,,,
7.00,CAMPINAS,350190 Amparo,24.00,17.00,136.00,48.00,249.00,140.00,409.00,205.00,,,,,,,,,,,,,,,,,,,
10.00,PIRACICABA,350200 Analândia,27.00,11.00,237.00,180.00,302.00,295.00,566.00,486.00,,,,,,,,,,,,,,,,,,,
2.00,ARAÇATUBA,350210 Andradina,98.00,3.00,182.00,5.00,276.00,14.00,556.00,22.00,,,,,,,,,,,,,,,,,,,
16.00,SOROCABA,350220 Angatuba,6.00,0.00,100.00,15.00,243.00,85.00,349.00,100.00,,,,,,,,,,,,,,,,,,,
6.00,BAURU,350230 Anhembi,11.00,0.00,45.00,2.00,70.00,26.00,126.00,28.00,,,,,,,,,,,,,,,,,,,
11.00,PRESIDENTE PRUDENTE,350240 Anhumas,4.00,0.00,27.00,2.00,26.00,1.00,57.00,3.00,,,,,,,,,,,,,,,,,,,
17.00,TAUBATÉ,350250 Aparecida,86.00,13.00,429.00,122.00,362.00,118.00,877.00,253.00,,,,,,,,,,,,,,,,,,,
15.00,SÃO JOSÉ DO RIO PRETO,350260 Aparecida d'Oeste,3.00,0.00,5.00,0.00,47.00,3.00,55.00,3.00,,,,,,,,,,,,,,,,,,,
16.00,SOROCABA,350270 Apiaí,13.00,1.00,21.00,6.00,107.00,44.00,141.00,51.00,,,,,,,,,,,,,,,,,,,
16.00,SOROCABA,350275 Araçariguama,31.00,19.00,162.00,42.00,202.00,112.00,395.00,173.00,,,,,,,,,,,,,,,,,,,
2.00,ARAÇATUBA,350280 Araçatuba,516.00,26.00,"1,475.00",83.00,"1,723.00",97.00,"3,714.00",206.00,,,,,,,,,,,,,,,,,,,
16.00,SOROCABA,350290 Araçoiaba da Serra,36.00,9.00,90.00,33.00,128.00,46.00,254.00,88.00,,,,,,,,,,,,,,,,,,,
8.00,FRANCA,350300 Aramina,0.00,0.00,10.00,5.00,17.00,9.00,27.00,14.00,,,,,,,,,,,,,,,,,,,
6.00,BAURU,350310 Arandu,5.00,0.00,23.00,0.00,117.00,50.00,145.00,50.00,,,,,,,,,,,,,,,,,,,
17.00,TAUBATÉ,350315 Arapeí,2.00,0.00,12.00,6.00,93.00,62.00,107.00,68.00,,,,,,,,,,,,,,,,,,,
3.00,ARARAQUARA,350320 Araraquara,439.00,57.00,"1,211.00",111.00,"1,443.00",254.00,"3,093.00",422.00,,,,,,,,,,,,,,,,,,,
10.00,PIRACICABA,350330 Araras,91.00,18.00,358.00,62.00,442.00,177.00,891.00,257.00,,,,,,,,,,,,,,,,,,,
9.00,MARÍLIA,350335 Arco-Íris,2.00,1.00,2.00,1.00,3.00,1.00,7.00,3.00,,,,,,,,,,,,,,,,,,,
6.00,BAURU,350340 Arealva,46.00,24.00,114.00,55.00,153.00,89.00,313.00,168.00,,,,,,,,,,,,,,,,,,,
17.00,TAUBATÉ,350350 Areias,14.00,1.00,22.00,3.00,44.00,10.00,80.00,14.00,,,,,,,,,,,,,,,,,,,
6.00,BAURU,350360 Areiópolis,12.00,2.00,61.00,20.00,289.00,123.00,362.00,145.00,,,,,,,,,,,,,,,,,,,
15.00,SÃO JOSÉ DO RIO PRETO,350370 Ariranha,125.00,73.00,365.00,218.00,507.00,290.00,997.00,581.00,,,,,,,,,,,,,,,,,,,
7.00,CAMPINAS,350380 Artur Nogueira,86.00,39.00,316.00,124.00,636.00,280.00,"1,038.00",443.00,,,,,,,,,,,,,,,,,,,
1.00,GRANDE SÃO PAULO,350390 Arujá,82.00,16.00,431.00,120.00,444.00,178.00,957.00,314.00,,,,,,,,,,,,,,,,,,,
15.00,SÃO JOSÉ DO RIO PRETO,350395 Aspásia,11.00,1.00,15.00,0.00,16.00,1.00,42.00,2.00,,,,,,,,,,,,,,,,,,,
9.00,MARÍLIA,350400 Assis,763.00,225.00,"1,197.00",254.00,"1,200.00",253.00,"3,160.00",732.00,,,,,,,,,,,,,,,,,,,
7.00,CAMPINAS,350410 Atibaia,236.00,146.00,"1,560.00",956.00,"2,080.00","1,525.00","3,876.00","2,627.00",,,,,,,,,,,,,,,,,,,
2.00,ARAÇATUBA,350420 Auriflama,4.00,1.00,19.00,0.00,27.00,0.00,50.00,1.00,,,,,,,,,,,,,,,,,,,
6.00,BAURU,350430 Avaí,1.00,0.00,2.00,1.00,5.00,1.00,8.00,2.00,,,,,,,,,,,,,,,,,,,
2.00,ARAÇATUBA,350440 Avanhandava,3.00,3.00,1.00,1.00,21.00,20.00,25.00,24.00,,,,,,,,,,,,,,,,,,,
6.00,BAURU,350450 Avaré,134.00,54.00,453.00,124.00,625.00,437.00,"1,212.00",615.00,,,,,,,,,,,,,,,,,,,
15.00,SÃO JOSÉ DO RIO PRETO,350460 Bady Bassitt,97.00,6.00,216.00,34.00,278.00,34.00,591.00,74.00,,,,,,,,,,,,,,,,,,,
6.00,BAURU,350470 Balbinos,2.00,0.00,14.00,1.00,60.00,12.00,76.00,13.00,,,,,,,,,,,,,,,,,,,
15.00,SÃO JOSÉ DO RIO PRETO,350480 Bálsamo,37.00,4.00,78.00,10.00,66.00,11.00,181.00,25.00,,,,,,,,,,,,,,,,,,,
17.00,TAUBATÉ,350490 Bananal,17.00,11.00,60.00,50.00,230.00,205.00,307.00,266.00,,,,,,,,,,,,,,,,,,,
6.00,BAURU,350500 Barão de Antonina,0.00,0.00,0.00,0.00,12.00,1.00,12.00,1.00,,,,,,,,,,,,,,,,,,,
2.00,ARAÇATUBA,350510 Barbosa,5.00,0.00,28.00,1.00,22.00,1.00,55.00,2.00,,,,,,,,,,,,,,,,,,,
6.00,BAURU,350520 Bariri,923.00,823.00,"1,498.00","1,436.00",634.00,618.00,"3,055.00","2,877.00",,,,,,,,,,,,,,,,,,,
6.00,BAURU,350530 Barra Bonita,79.00,13.00,182.00,22.00,284.00,42.00,545.00,77.00,,,,,,,,,,,,,,,,,,,
16.00,SOROCABA,350535 Barra do Chapéu,1.00,0.00,4.00,2.00,43.00,14.00,48.00,16.00,,,,,,,,,,,,,,,,,,,
12.00,REGISTRO,350540 Barra do Turvo,1.00,0.00,46.00,13.00,72.00,51.00,119.00,64.00,,,,,,,,,,,,,,,,,,,
5.00,BARRETOS,350550 Barretos,403.00,52.00,"1,199.00",279.00,"1,601.00",582.00,"3,203.00",913.00,,,,,,,,,,,,,,,,,,,
13.00,RIBEIRÃO PRETO,350560 Barrinha,77.00,17.00,388.00,107.00,149.00,39.00,614.00,163.00,,,,,,,,,,,,,,,,,,,
1.00,GRANDE SÃO PAULO,350570 Barueri,157.00,18.00,"1,112.00",204.00,"2,457.00",196.00,"3,726.00",418.00,,,,,,,,,,,,,,,,,,,
9.00,MARÍLIA,350580 Bastos,12.00,2.00,76.00,4.00,97.00,14.00,185.00,20.00,,,,,,,,,,,,,,,,,,,
13.00,RIBEIRÃO PRETO,350590 Batatais,366.00,151.00,"1,073.00",558.00,277.00,183.00,"1,716.00",892.00,,,,,,,,,,,,,,,,,,,
6.00,BAURU,350600 Bauru,"1,010.00",367.00,"2,190.00","1,044.00","2,595.00","1,009.00","5,795.00","2,420.00",,,,,,,,,,,,,,,,,,,
5.00,BARRETOS,350610 Bebedouro,"1,642.00",895.00,"3,185.00","1,807.00","1,644.00",201.00,"6,471.00","2,903.00",,,,,,,,,,,,,,,,,,,
2.00,ARAÇATUBA,350620 Bento de Abreu,2.00,0.00,6.00,0.00,4.00,2.00,12.00,2.00,,,,,,,,,,,,,,,,,,,
9.00,MARÍLIA,350630 Bernardino de Campos,24.00,15.00,166.00,156.00,208.00,206.00,398.00,377.00,,,,,,,,,,,,,,,,,,,
4.00,BAIXADA SANTISTA,350635 Bertioga,"1,104.00",520.00,991.00,499.00,802.00,517.00,"2,897.00","1,536.00",,,,,,,,,,,,,,,,,,,
2.00,ARAÇATUBA,350640 Bilac,5.00,0.00,21.00,3.00,7.00,1.00,33.00,4.00,,,,,,,,,,,,,,,,,,,
2.00,ARAÇATUBA,350650 Birigui,247.00,110.00,931.00,457.00,920.00,395.00,"2,098.00",962.00,,,,,,,,,,,,,,,,,,,
1.00,GRANDE SÃO PAULO,350660 Biritiba Mirim,48.00,9.00,220.00,28.00,515.00,305.00,783.00,342.00,,,,,,,,,,,,,,,,,,,
3.00,ARARAQUARA,350670 Boa Esperança do Sul,36.00,1.00,96.00,7.00,93.00,9.00,225.00,17.00,,,,,,,,,,,,,,,,,,,
6.00,BAURU,350680 Bocaina,13.00,1.00,37.00,10.00,39.00,12.00,89.00,23.00,,,,,,,,,,,,,,,,,,,
6.00,BAURU,350690 Bofete,32.00,3.00,87.00,8.00,106.00,15.00,225.00,26.00,,,,,,,,,,,,,,,,,,,
16.00,SOROCABA,350700 Boituva,150.00,72.00,390.00,155.00,"1,330.00",798.00,"1,870.00","1,025.00",,,,,,,,,,,,,,,,,,,
7.00,CAMPINAS,350710 Bom Jesus dos Perdões,46.00,13.00,113.00,34.00,135.00,94.00,294.00,141.00,,,,,,,,,,,,,,,,,,,
16.00,SOROCABA,350715 Bom Sucesso de Itararé,0.00,0.00,4.00,0.00,5.00,0.00,9.00,0.00,,,,,,,,,,,,,,,,,,,
9.00,MARÍLIA,350720 Borá,3.00,0.00,3.00,0.00,21.00,7.00,27.00,7.00,,,,,,,,,,,,,,,,,,,
6.00,BAURU,350730 Boracéia,83.00,76.00,182.00,105.00,126.00,104.00,391.00,285.00,,,,,,,,,,,,,,,,,,,
3.00,ARARAQUARA,350740 Borborema,57.00,38.00,139.00,60.00,115.00,76.00,311.00,174.00,,,,,,,,,,,,,,,,,,,
6.00,BAURU,350745 Borebi,4.00,0.00,15.00,0.00,20.00,1.00,39.00,1.00,,,,,,,,,,,,,,,,,,,
6.00,BAURU,350750 Botucatu,"1,567.00",773.00,"3,092.00","1,553.00","6,809.00","4,392.00","11,468.00","6,718.00",,,,,,,,,,,,,,,,,,,
7.00,CAMPINAS,350760 Bragança Paulista,"1,061.00",762.00,"2,578.00","2,086.00","1,360.00","1,056.00","4,999.00","3,904.00",,,,,,,,,,,,,,,,,,,
2.00,ARAÇATUBA,350770 Braúna,3.00,3.00,7.00,4.00,0.00,0.00,10.00,7.00,,,,,,,,,,,,,,,,,,,
2.00,ARAÇATUBA,350775 Brejo Alegre,4.00,0.00,8.00,0.00,8.00,0.00,20.00,0.00,,,,,,,,,,,,,,,,,,,
13.00,RIBEIRÃO PRETO,350780 Brodowski,"1,060.00","1,027.00",824.00,794.00,324.00,299.00,"2,208.00","2,120.00",,,,,,,,,,,,,,,,,,,
6.00,BAURU,350790 Brotas,44.00,21.00,254.00,111.00,315.00,191.00,613.00,323.00,,,,,,,,,,,,,,,,,,,
16.00,SOROCABA,350800 Buri,20.00,8.00,139.00,18.00,208.00,51.00,367.00,77.00,,,,,,,,,,,,,,,,,,,
2.00,ARAÇATUBA,350810 Buritama,3.00,0.00,63.00,3.00,59.00,9.00,125.00,12.00,,,,,,,,,,,,,,,,,,,
8.00,FRANCA,350820 Buritizal,9.00,0.00,8.00,0.00,36.00,4.00,53.00,4.00,,,,,,,,,,,,,,,,,,,
6.00,BAURU,350830 Cabrália Paulista,5.00,0.00,29.00,0.00,15.00,0.00,49.00,0.00,,,,,,,,,,,,,,,,,,,
7.00,CAMPINAS,350840 Cabreúva,28.00,14.00,322.00,175.00,353.00,137.00,703.00,326.00,,,,,,,,,,,,,,,,,,,
17.00,TAUBATÉ,350850 Caçapava,312.00,19.00,989.00,168.00,"2,161.00","1,280.00","3,462.00","1,467.00",,,,,,,,,,,,,,,,,,,
17.00,TAUBATÉ,350860 Cachoeira Paulista,65.00,7.00,82.00,44.00,93.00,73.00,240.00,124.00,,,,,,,,,,,,,,,,,,,
14.00,SÃO JOÃO DA BOA VISTA,350870 Caconde,11.00,1.00,87.00,12.00,371.00,203.00,469.00,216.00,,,,,,,,,,,,,,,,,,,
6.00,BAURU,350880 Cafelândia,11.00,3.00,53.00,31.00,74.00,70.00,138.00,104.00,,,,,,,,,,,,,,,,,,,
11.00,PRESIDENTE PRUDENTE,350890 Caiabu,1.00,0.00,19.00,3.00,74.00,27.00,94.00,30.00,,,,,,,,,,,,,,,,,,,
1.00,GRANDE SÃO PAULO,350900 Caieiras,210.00,112.00,816.00,336.00,667.00,178.00,"1,693.00",626.00,,,,,,,,,,,,,,,,,,,
11.00,PRESIDENTE PRUDENTE,350910 Caiuá,2.00,0.00,8.00,1.00,9.00,0.00,19.00,1.00,,,,,,,,,,,,,,,,,,,
1.00,GRANDE SÃO PAULO,350920 Cajamar,218.00,13.00,"1,121.00",93.00,"1,458.00",333.00,"2,797.00",439.00,,,,,,,,,,,,,,,,,,,
12.00,REGISTRO,350925 Cajati,8.00,6.00,42.00,13.00,82.00,15.00,132.00,34.00,,,,,,,,,,,,,,,,,,,
5.00,BARRETOS,350930 Cajobi,14.00,2.00,14.00,1.00,33.00,10.00,61.00,13.00,,,,,,,,,,,,,,,,,,,
13.00,RIBEIRÃO PRETO,350940 Cajuru,8.00,0.00,17.00,1.00,34.00,0.00,59.00,1.00,,,,,,,,,,,,,,,,,,,
16.00,SOROCABA,350945 Campina do Monte Alegre,1.00,0.00,19.00,13.00,86.00,57.00,106.00,70.00,,,,,,,,,,,,,,,,,,,
7.00,CAMPINAS,350950 Campinas,"4,685.00","3,978.00","13,917.00","12,301.00","32,265.00","27,906.00","50,867.00","44,185.00",,,,,,,,,,,,,,,,,,,
7.00,CAMPINAS,350960 Campo Limpo Paulista,39.00,22.00,312.00,97.00,391.00,175.00,742.00,294.00,,,,,,,,,,,,,,,,,,,
17.00,TAUBATÉ,350970 Campos do Jordão,21.00,0.00,118.00,1.00,184.00,2.00,323.00,3.00,,,,,,,,,,,,,,,,,,,
9.00,MARÍLIA,350980 Campos Novos Paulista,1.00,0.00,27.00,1.00,21.00,0.00,49.00,1.00,,,,,,,,,,,,,,,,,,,
12.00,REGISTRO,350990 Cananéia,13.00,1.00,88.00,16.00,545.00,281.00,646.00,298.00,,,,,,,,,,,,,,,,,,,
17.00,TAUBATÉ,350995 Canas,9.00,0.00,67.00,18.00,101.00,19.00,177.00,37.00,,,,,,,,,,,,,,,,,,,
9.00,MARÍLIA,351000 Cândido Mota,80.00,32.00,225.00,117.00,393.00,190.00,698.00,339.00,,,,,,,,,,,,,,,,,,,
3.00,ARARAQUARA,351010 Cândido Rodrigues,3.00,1.00,9.00,4.00,4.00,0.00,16.00,5.00,,,,,,,,,,,,,,,,,,,
9.00,MARÍLIA,351015 Canitar,4.00,0.00,60.00,6.00,64.00,8.00,128.00,14.00,,,,,,,,,,,,,,,,,,,
16.00,SOROCABA,351020 Capão Bonito,21.00,0.00,108.00,7.00,150.00,30.00,279.00,37.00,,,,,,,,,,,,,,,,,,,
16.00,SOROCABA,351030 Capela do Alto,34.00,1.00,263.00,35.00,482.00,169.00,779.00,205.00,,,,,,,,,,,,,,,,,,,
10.00,PIRACICABA,351040 Capivari,226.00,101.00,605.00,283.00,119.00,56.00,950.00,440.00,,,,,,,,,,,,,,,,,,,
17.00,TAUBATÉ,351050 Caraguatatuba,969.00,95.00,"2,622.00",460.00,"3,605.00","2,036.00","7,196.00","2,591.00",,,,,,,,,,,,,,,,,,,
1.00,GRANDE SÃO PAULO,351060 Carapicuíba,111.00,15.00,"1,280.00",98.00,"2,298.00",331.00,"3,689.00",444.00,,,,,,,,,,,,,,,,,,,
15.00,SÃO JOSÉ DO RIO PRETO,351070 Cardoso,21.00,7.00,59.00,11.00,63.00,14.00,143.00,32.00,,,,,,,,,,,,,,,,,,,
14.00,SÃO JOÃO DA BOA VISTA,351080 Casa Branca,145.00,60.00,534.00,175.00,889.00,408.00,"1,568.00",643.00,,,,,,,,,,,,,,,,,,,
13.00,RIBEIRÃO PRETO,351090 Cássia dos Coqueiros,2.00,1.00,12.00,6.00,55.00,17.00,69.00,24.00,,,,,,,,,,,,,,,,,,,
2.00,ARAÇATUBA,351100 Castilho,28.00,6.00,75.00,14.00,86.00,3.00,189.00,23.00,,,,,,,,,,,,,,,,,,,
15.00,SÃO JOSÉ DO RIO PRETO,351110 Catanduva,573.00,268.00,"1,449.00",680.00,"1,942.00",526.00,"3,964.00","1,474.00",,,,,,,,,,,,,,,,,,,
15.00,SÃO JOSÉ DO RIO PRETO,351120 Catiguá,74.00,26.00,195.00,76.00,91.00,57.00,360.00,159.00,,,,,,,,,,,,,,,,,,,
15.00,SÃO JOSÉ DO RIO PRETO,351130 Cedral,54.00,9.00,84.00,7.00,118.00,12.00,256.00,28.00,,,,,,,,,,,,,,,,,,,
6.00,BAURU,351140 Cerqueira César,6.00,0.00,42.00,10.00,65.00,27.00,113.00,37.00,,,,,,,,,,,,,,,,,,,
16.00,SOROCABA,351150 Cerquilho,30.00,1.00,150.00,21.00,197.00,71.00,377.00,93.00,,,,,,,,,,,,,,,,,,,
16.00,SOROCABA,351160 Cesário Lange,13.00,2.00,115.00,7.00,212.00,66.00,340.00,75.00,,,,,,,,,,,,,,,,,,,
10.00,PIRACICABA,351170 Charqueada,64.00,4.00,196.00,52.00,239.00,65.00,499.00,121.00,,,,,,,,,,,,,,,,,,,
2.00,ARAÇATUBA,351190 Clementina,2.00,1.00,6.00,2.00,8.00,4.00,16.00,7.00,,,,,,,,,,,,,,,,,,,
5.00,BARRETOS,351200 Colina,299.00,174.00,266.00,136.00,384.00,217.00,949.00,527.00,,,,,,,,,,,,,,,,,,,
5.00,BARRETOS,351210 Colômbia,4.00,2.00,19.00,6.00,20.00,4.00,43.00,12.00,,,,,,,,,,,,,,,,,,,
10.00,PIRACICABA,351220 Conchal,14.00,2.00,107.00,4.00,113.00,18.00,234.00,24.00,,,,,,,,,,,,,,,,,,,
6.00,BAURU,351230 Conchas,20.00,2.00,126.00,12.00,188.00,33.00,334.00,47.00,,,,,,,,,,,,,,,,,,,
10.00,PIRACICABA,351240 Cordeirópolis,41.00,6.00,188.00,13.00,89.00,52.00,318.00,71.00,,,,,,,,,,,,,,,,,,,
2.00,ARAÇATUBA,351250 Coroados,13.00,2.00,43.00,5.00,40.00,3.00,96.00,10.00,,,,,,,,,,,,,,,,,,,
6.00,BAURU,351260 Coronel Macedo,6.00,4.00,58.00,27.00,83.00,50.00,147.00,81.00,,,,,,,,,,,,,,,,,,,
10.00,PIRACICABA,351270 Corumbataí,1.00,0.00,9.00,0.00,21.00,7.00,31.00,7.00,,,,,,,,,,,,,,,,,,,
7.00,CAMPINAS,351280 Cosmópolis,54.00,17.00,515.00,99.00,990.00,171.00,"1,559.00",287.00,,,,,,,,,,,,,,,,,,,
15.00,SÃO JOSÉ DO RIO PRETO,351290 Cosmorama,22.00,4.00,67.00,10.00,40.00,13.00,129.00,27.00,,,,,,,,,,,,,,,,,,,
1.00,GRANDE SÃO PAULO,351300 Cotia,451.00,187.00,"1,947.00",666.00,"3,716.00",955.00,"6,114.00","1,808.00",,,,,,,,,,,,,,,,,,,
13.00,RIBEIRÃO PRETO,351310 Cravinhos,532.00,303.00,978.00,386.00,807.00,534.00,"2,317.00","1,223.00",,,,,,,,,,,,,,,,,,,
8.00,FRANCA,351320 Cristais Paulista,61.00,38.00,72.00,53.00,56.00,49.00,189.00,140.00,,,,,,,,,,,,,,,,,,,
9.00,MARÍLIA,351330 Cruzália,10.00,1.00,18.00,7.00,16.00,9.00,44.00,17.00,,,,,,,,,,,,,,,,,,,
17.00,TAUBATÉ,351340 Cruzeiro,60.00,22.00,234.00,92.00,145.00,86.00,439.00,200.00,,,,,,,,,,,,,,,,,,,
4.00,BAIXADA SANTISTA,351350 Cubatão,98.00,9.00,268.00,14.00,380.00,9.00,746.00,32.00,,,,,,,,,,,,,,,,,,,
17.00,TAUBATÉ,351360 Cunha,31.00,5.00,170.00,28.00,269.00,72.00,470.00,105.00,,,,,,,,,,,,,,,,,,,
3.00,ARARAQUARA,351370 Descalvado,20.00,2.00,140.00,56.00,420.00,317.00,580.00,375.00,,,,,,,,,,,,,,,,,,,
1.00,GRANDE SÃO PAULO,351380 Diadema,234.00,115.00,"1,428.00",593.00,"2,501.00",693.00,"4,163.00","1,401.00",,,,,,,,,,,,,,,,,,,
15.00,SÃO JOSÉ DO RIO PRETO,351385 Dirce Reis,4.00,1.00,14.00,6.00,7.00,3.00,25.00,10.00,,,,,,,,,,,,,,,,,,,
14.00,SÃO JOÃO DA BOA VISTA,351390 Divinolândia,1.00,0.00,13.00,1.00,38.00,15.00,52.00,16.00,,,,,,,,,,,,,,,,,,,
3.00,ARARAQUARA,351400 Dobrada,8.00,0.00,37.00,10.00,62.00,14.00,107.00,24.00,,,,,,,,,,,,,,,,,,,
6.00,BAURU,351410 Dois Córregos,795.00,672.00,"1,090.00",994.00,645.00,543.00,"2,530.00","2,209.00",,,,,,,,,,,,,,,,,,,
15.00,SÃO JOSÉ DO RIO PRETO,351420 Dolcinópolis,1.00,0.00,8.00,1.00,14.00,2.00,23.00,3.00,,,,,,,,,,,,,,,,,,,
3.00,ARARAQUARA,351430 Dourado,8.00,0.00,71.00,7.00,88.00,18.00,167.00,25.00,,,,,,,,,,,,,,,,,,,
11.00,PRESIDENTE PRUDENTE,351440 Dracena,103.00,10.00,406.00,40.00,389.00,21.00,898.00,71.00,,,,,,,,,,,,,,,,,,,
6.00,BAURU,351450 Duartina,6.00,1.00,39.00,4.00,39.00,12.00,84.00,17.00,,,,,,,,,,,,,,,,,,,
13.00,RIBEIRÃO PRETO,351460 Dumont,123.00,77.00,254.00,176.00,149.00,72.00,526.00,325.00,,,,,,,,,,,,,,,,,,,
9.00,MARÍLIA,351470 Echaporã,8.00,3.00,50.00,10.00,73.00,3.00,131.00,16.00,,,,,,,,,,,,,,,,,,,
12.00,REGISTRO,351480 Eldorado,3.00,1.00,117.00,38.00,334.00,141.00,454.00,180.00,,,,,,,,,,,,,,,,,,,
10.00,PIRACICABA,351490 Elias Fausto,26.00,4.00,108.00,39.00,163.00,50.00,297.00,93.00,,,,,,,,,,,,,,,,,,,
15.00,SÃO JOSÉ DO RIO PRETO,351492 Elisiário,12.00,5.00,73.00,50.00,127.00,97.00,212.00,152.00,,,,,,,,,,,,,,,,,,,
15.00,SÃO JOSÉ DO RIO PRETO,351495 Embaúba,11.00,7.00,16.00,4.00,28.00,11.00,55.00,22.00,,,,,,,,,,,,,,,,,,,
1.00,GRANDE SÃO PAULO,351500 Embu das Artes,335.00,68.00,"1,095.00",250.00,"1,259.00",405.00,"2,689.00",723.00,,,,,,,,,,,,,,,,,,,
1.00,GRANDE SÃO PAULO,351510 Embu-Guaçu,29.00,19.00,158.00,89.00,648.00,305.00,835.00,413.00,,,,,,,,,,,,,,,,,,,
11.00,PRESIDENTE PRUDENTE,351512 Emilianópolis,1.00,0.00,4.00,1.00,4.00,0.00,9.00,1.00,,,,,,,,,,,,,,,,,,,
10.00,PIRACICABA,351515 Engenheiro Coelho,43.00,3.00,137.00,19.00,182.00,37.00,362.00,59.00,,,,,,,,,,,,,,,,,,,
14.00,SÃO JOÃO DA BOA VISTA,351518 Espírito Santo do Pinhal,114.00,37.00,938.00,261.00,457.00,431.00,"1,509.00",729.00,,,,,,,,,,,,,,,,,,,
9.00,MARÍLIA,351519 Espírito Santo do Turvo,4.00,1.00,20.00,0.00,39.00,6.00,63.00,7.00,,,,,,,,,,,,,,,,,,,
15.00,SÃO JOSÉ DO RIO PRETO,351520 Estrela d'Oeste,23.00,0.00,34.00,2.00,61.00,6.00,118.00,8.00,,,,,,,,,,,,,,,,,,,
11.00,PRESIDENTE PRUDENTE,351530 Estrela do Norte,14.00,1.00,34.00,6.00,29.00,3.00,77.00,10.00,,,,,,,,,,,,,,,,,,,
11.00,PRESIDENTE PRUDENTE,351535 Euclides da Cunha Paulista,2.00,0.00,11.00,1.00,9.00,2.00,22.00,3.00,,,,,,,,,,,,,,,,,,,
6.00,BAURU,351540 Fartura,3.00,1.00,75.00,28.00,146.00,105.00,224.00,134.00,,,,,,,,,,,,,,,,,,,
15.00,SÃO JOSÉ DO RIO PRETO,351550 Fernandópolis,76.00,24.00,259.00,61.00,307.00,104.00,642.00,189.00,,,,,,,,,,,,,,,,,,,
15.00,SÃO JOSÉ DO RIO PRETO,351560 Fernando Prestes,9.00,1.00,42.00,5.00,25.00,3.00,76.00,9.00,,,,,,,,,,,,,,,,,,,
9.00,MARÍLIA,351565 Fernão,3.00,0.00,12.00,1.00,19.00,10.00,34.00,11.00,,,,,,,,,,,,,,,,,,,
1.00,GRANDE SÃO PAULO,351570 Ferraz de Vasconcelos,260.00,95.00,"1,281.00",370.00,"2,250.00",547.00,"3,791.00","1,012.00",,,,,,,,,,,,,,,,,,,
11.00,PRESIDENTE PRUDENTE,351580 Flora Rica,0.00,0.00,0.00,0.00,0.00,0.00,0.00,0.00,,,,,,,,,,,,,,,,,,,
15.00,SÃO JOSÉ DO RIO PRETO,351590 Floreal,3.00,0.00,9.00,0.00,14.00,1.00,26.00,1.00,,,,,,,,,,,,,,,,,,,
9.00,MARÍLIA,351600 Flórida Paulista,4.00,1.00,33.00,13.00,17.00,9.00,54.00,23.00,,,,,,,,,,,,,,,,,,,
9.00,MARÍLIA,351610 Florínea,14.00,1.00,48.00,11.00,103.00,22.00,165.00,34.00,,,,,,,,,,,,,,,,,,,
8.00,FRANCA,351620 Franca,"1,457.00",668.00,"2,380.00","1,269.00",743.00,406.00,"4,580.00","2,343.00",,,,,,,,,,,,,,,,,,,
1.00,GRANDE SÃO PAULO,351630 Francisco Morato,177.00,128.00,636.00,336.00,695.00,436.00,"1,508.00",900.00,,,,,,,,,,,,,,,,,,,
1.00,GRANDE SÃO PAULO,351640 Franco da Rocha,"1,204.00",833.00,"2,441.00","1,667.00","2,462.00","1,654.00","6,107.00","4,154.00",,,,,,,,,,,,,,,,,,,
2.00,ARAÇATUBA,351650 Gabriel Monteiro,3.00,0.00,5.00,0.00,3.00,0.00,11.00,0.00,,,,,,,,,,,,,,,,,,,
9.00,MARÍLIA,351660 Gália,1.00,0.00,7.00,1.00,26.00,6.00,34.00,7.00,,,,,,,,,,,,,,,,,,,
9.00,MARÍLIA,351670 Garça,105.00,30.00,315.00,97.00,565.00,135.00,985.00,262.00,,,,,,,,,,,,,,,,,,,
15.00,SÃO JOSÉ DO RIO PRETO,351680 Gastão Vidigal,3.00,1.00,13.00,3.00,35.00,1.00,51.00,5.00,,,,,,,,,,,,,,,,,,,
3.00,ARARAQUARA,351685 Gavião Peixoto,9.00,2.00,48.00,3.00,76.00,31.00,133.00,36.00,,,,,,,,,,,,,,,,,,,
15.00,SÃO JOSÉ DO RIO PRETO,351690 General Salgado,16.00,0.00,27.00,1.00,20.00,2.00,63.00,3.00,,,,,,,,,,,,,,,,,,,
6.00,BAURU,351700 Getulina,237.00,91.00,107.00,9.00,62.00,3.00,406.00,103.00,,,,,,,,,,,,,,,,,,,
2.00,ARAÇATUBA,351710 Glicério,10.00,0.00,11.00,2.00,23.00,2.00,44.00,4.00,,,,,,,,,,,,,,,,,,,
6.00,BAURU,351720 Guaiçara,27.00,5.00,62.00,9.00,45.00,7.00,134.00,21.00,,,,,,,,,,,,,,,,,,,
9.00,MARÍLIA,351730 Guaimbê,19.00,7.00,20.00,7.00,22.00,5.00,61.00,19.00,,,,,,,,,,,,,,,,,,,
5.00,BARRETOS,351740 Guaíra,196.00,68.00,473.00,112.00,420.00,114.00,"1,089.00",294.00,,,,,,,,,,,,,,,,,,,
15.00,SÃO JOSÉ DO RIO PRETO,351750 Guapiaçu,93.00,21.00,198.00,29.00,215.00,22.00,506.00,72.00,,,,,,,,,,,,,,,,,,,
16.00,SOROCABA,351760 Guapiara,5.00,0.00,24.00,1.00,46.00,10.00,75.00,11.00,,,,,,,,,,,,,,,,,,,
8.00,FRANCA,351770 Guará,23.00,10.00,274.00,64.00,71.00,14.00,368.00,88.00,,,,,,,,,,,,,,,,,,,
2.00,ARAÇATUBA,351780 Guaraçaí,3.00,0.00,7.00,2.00,33.00,4.00,43.00,6.00,,,,,,,,,,,,,,,,,,,
5.00,BARRETOS,351790 Guaraci,21.00,4.00,79.00,28.00,90.00,48.00,190.00,80.00,,,,,,,,,,,,,,,,,,,
15.00,SÃO JOSÉ DO RIO PRETO,351800 Guarani d'Oeste,1.00,0.00,5.00,2.00,16.00,5.00,22.00,7.00,,,,,,,,,,,,,,,,,,,
9.00,MARÍLIA,351810 Guarantã,8.00,1.00,27.00,6.00,14.00,1.00,49.00,8.00,,,,,,,,,,,,,,,,,,,
2.00,ARAÇATUBA,351820 Guararapes,121.00,45.00,397.00,161.00,638.00,386.00,"1,156.00",592.00,,,,,,,,,,,,,,,,,,,
1.00,GRANDE SÃO PAULO,351830 Guararema,304.00,66.00,747.00,133.00,"1,112.00",126.00,"2,163.00",325.00,,,,,,,,,,,,,,,,,,,
17.00,TAUBATÉ,351840 Guaratinguetá,841.00,464.00,"2,749.00","1,227.00","1,676.00","1,089.00","5,266.00","2,780.00",,,,,,,,,,,,,,,,,,,
16.00,SOROCABA,351850 Guareí,8.00,6.00,41.00,19.00,110.00,78.00,159.00,103.00,,,,,,,,,,,,,,,,,,,
13.00,RIBEIRÃO PRETO,351860 Guariba,35.00,8.00,143.00,52.00,193.00,121.00,371.00,181.00,,,,,,,,,,,,,,,,,,,
4.00,BAIXADA SANTISTA,351870 Guarujá,341.00,187.00,"2,525.00","1,500.00","1,815.00","1,159.00","4,681.00","2,846.00",,,,,,,,,,,,,,,,,,,
1.00,GRANDE SÃO PAULO,351880 Guarulhos,"2,488.00","1,766.00","9,768.00","7,898.00","21,196.00","16,356.00","33,452.00","26,020.00",,,,,,,,,,,,,,,,,,,
13.00,RIBEIRÃO PRETO,351885 Guatapará,6.00,1.00,49.00,6.00,53.00,9.00,108.00,16.00,,,,,,,,,,,,,,,,,,,
2.00,ARAÇATUBA,351890 Guzolândia,4.00,0.00,3.00,0.00,3.00,1.00,10.00,1.00,,,,,,,,,,,,,,,,,,,
9.00,MARÍLIA,351900 Herculândia,18.00,6.00,71.00,16.00,35.00,20.00,124.00,42.00,,,,,,,,,,,,,,,,,,,
7.00,CAMPINAS,351905 Holambra,69.00,17.00,209.00,77.00,379.00,278.00,657.00,372.00,,,,,,,,,,,,,,,,,,,
7.00,CAMPINAS,351907 Hortolândia,345.00,91.00,"1,277.00",325.00,"1,731.00",286.00,"3,353.00",702.00,,,,,,,,,,,,,,,,,,,
6.00,BAURU,351910 Iacanga,16.00,8.00,57.00,33.00,101.00,66.00,174.00,107.00,,,,,,,,,,,,,,,,,,,
9.00,MARÍLIA,351920 Iacri,13.00,9.00,78.00,36.00,28.00,15.00,119.00,60.00,,,,,,,,,,,,,,,,,,,
6.00,BAURU,351925 Iaras,1.00,1.00,26.00,6.00,20.00,4.00,47.00,11.00,,,,,,,,,,,,,,,,,,,
3.00,ARARAQUARA,351930 Ibaté,26.00,3.00,124.00,29.00,164.00,52.00,314.00,84.00,,,,,,,,,,,,,,,,,,,
15.00,SÃO JOSÉ DO RIO PRETO,351940 Ibirá,17.00,3.00,51.00,11.00,44.00,4.00,112.00,18.00,,,,,,,,,,,,,,,,,,,
9.00,MARÍLIA,351950 Ibirarema,10.00,0.00,56.00,13.00,138.00,67.00,204.00,80.00,,,,,,,,,,,,,,,,,,,
3.00,ARARAQUARA,351960 Ibitinga,46.00,4.00,196.00,27.00,291.00,66.00,533.00,97.00,,,,,,,,,,,,,,,,,,,
16.00,SOROCABA,351970 Ibiúna,23.00,0.00,167.00,21.00,551.00,50.00,741.00,71.00,,,,,,,,,,,,,,,,,,,
15.00,SÃO JOSÉ DO RIO PRETO,351980 Icém,46.00,19.00,14.00,3.00,11.00,1.00,71.00,23.00,,,,,,,,,,,,,,,,,,,
11.00,PRESIDENTE PRUDENTE,351990 Iepê,13.00,3.00,84.00,1.00,17.00,0.00,114.00,4.00,,,,,,,,,,,,,,,,,,,
6.00,BAURU,352000 Igaraçu do Tietê,30.00,2.00,114.00,27.00,294.00,111.00,438.00,140.00,,,,,,,,,,,,,,,,,,,
8.00,FRANCA,352010 Igarapava,17.00,1.00,162.00,27.00,30.00,4.00,209.00,32.00,,,,,,,,,,,,,,,,,,,
17.00,TAUBATÉ,352020 Igaratá,9.00,0.00,90.00,32.00,169.00,117.00,268.00,149.00,,,,,,,,,,,,,,,,,,,
12.00,REGISTRO,352030 Iguape,173.00,73.00,936.00,292.00,"1,677.00",765.00,"2,786.00","1,130.00",,,,,,,,,,,,,,,,,,,
17.00,TAUBATÉ,352040 Ilhabela,316.00,75.00,"1,306.00",343.00,955.00,702.00,"2,577.00","1,120.00",,,,,,,,,,,,,,,,,,,
12.00,REGISTRO,352042 Ilha Comprida,40.00,23.00,163.00,82.00,293.00,201.00,496.00,306.00,,,,,,,,,,,,,,,,,,,
2.00,ARAÇATUBA,352044 Ilha Solteira,16.00,2.00,36.00,6.00,42.00,5.00,94.00,13.00,,,,,,,,,,,,,,,,,,,
7.00,CAMPINAS,352050 Indaiatuba,262.00,77.00,"1,294.00",439.00,"1,757.00",866.00,"3,313.00","1,382.00",,,,,,,,,,,,,,,,,,,
11.00,PRESIDENTE PRUDENTE,352060 Indiana,11.00,0.00,35.00,6.00,15.00,5.00,61.00,11.00,,,,,,,,,,,,,,,,,,,
15.00,SÃO JOSÉ DO RIO PRETO,352070 Indiaporã,1.00,0.00,15.00,2.00,18.00,3.00,34.00,5.00,,,,,,,,,,,,,,,,,,,
9.00,MARÍLIA,352080 Inúbia Paulista,5.00,0.00,23.00,0.00,15.00,0.00,43.00,0.00,,,,,,,,,,,,,,,,,,,
9.00,MARÍLIA,352090 Ipaussu,10.00,2.00,41.00,7.00,52.00,22.00,103.00,31.00,,,,,,,,,,,,,,,,,,,
16.00,SOROCABA,352100 Iperó,63.00,3.00,218.00,15.00,335.00,53.00,616.00,71.00,,,,,,,,,,,,,,,,,,,
10.00,PIRACICABA,352110 Ipeúna,10.00,0.00,88.00,25.00,169.00,62.00,267.00,87.00,,,,,,,,,,,,,,,,,,,
15.00,SÃO JOSÉ DO RIO PRETO,352115 Ipiguá,32.00,4.00,52.00,5.00,29.00,1.00,113.00,10.00,,,,,,,,,,,,,,,,,,,
12.00,REGISTRO,352120 Iporanga,2.00,1.00,8.00,4.00,78.00,48.00,88.00,53.00,,,,,,,,,,,,,,,,,,,
8.00,FRANCA,352130 Ipuã,14.00,0.00,27.00,3.00,73.00,5.00,114.00,8.00,,,,,,,,,,,,,,,,,,,
10.00,PIRACICABA,352140 Iracemápolis,61.00,25.00,193.00,80.00,423.00,243.00,677.00,348.00,,,,,,,,,,,,,,,,,,,
15.00,SÃO JOSÉ DO RIO PRETO,352150 Irapuã,58.00,17.00,42.00,2.00,41.00,3.00,141.00,22.00,,,,,,,,,,,,,,,,,,,
11.00,PRESIDENTE PRUDENTE,352160 Irapuru,16.00,7.00,34.00,9.00,30.00,5.00,80.00,21.00,,,,,,,,,,,,,,,,,,,
16.00,SOROCABA,352170 Itaberá,1.00,0.00,16.00,1.00,87.00,36.00,104.00,37.00,,,,,,,,,,,,,,,,,,,
6.00,BAURU,352180 Itaí,13.00,2.00,56.00,7.00,292.00,72.00,361.00,81.00,,,,,,,,,,,,,,,,,,,
15.00,SÃO JOSÉ DO RIO PRETO,352190 Itajobi,33.00,7.00,140.00,17.00,232.00,57.00,405.00,81.00,,,,,,,,,,,,,,,,,,,
6.00,BAURU,352200 Itaju,36.00,31.00,113.00,49.00,202.00,143.00,351.00,223.00,,,,,,,,,,,,,,,,,,,
4.00,BAIXADA SANTISTA,352210 Itanhaém,80.00,37.00,413.00,163.00,"1,265.00",343.00,"1,758.00",543.00,,,,,,,,,,,,,,,,,,,
16.00,SOROCABA,352215 Itaóca,0.00,0.00,0.00,0.00,5.00,1.00,5.00,1.00,,,,,,,,,,,,,,,,,,,
1.00,GRANDE SÃO PAULO,352220 Itapecerica da Serra,55.00,14.00,550.00,82.00,"1,265.00",305.00,"1,870.00",401.00,,,,,,,,,,,,,,,,,,,
16.00,SOROCABA,352230 Itapetininga,676.00,153.00,"1,808.00",421.00,"1,934.00","1,136.00","4,418.00","1,710.00",,,,,,,,,,,,,,,,,,,
16.00,SOROCABA,352240 Itapeva,30.00,2.00,233.00,52.00,931.00,267.00,"1,194.00",321.00,,,,,,,,,,,,,,,,,,,
1.00,GRANDE SÃO PAULO,352250 Itapevi,44.00,3.00,299.00,42.00,417.00,85.00,760.00,130.00,,,,,,,,,,,,,,,,,,,
14.00,SÃO JOÃO DA BOA VISTA,352260 Itapira,121.00,29.00,803.00,566.00,"1,146.00","1,107.00","2,070.00","1,702.00",,,,,,,,,,,,,,,,,,,
16.00,SOROCABA,352265 Itapirapuã Paulista,0.00,0.00,0.00,0.00,1.00,0.00,1.00,0.00,,,,,,,,,,,,,,,,,,,
3.00,ARARAQUARA,352270 Itápolis,59.00,14.00,125.00,16.00,145.00,24.00,329.00,54.00,,,,,,,,,,,,,,,,,,,
6.00,BAURU,352280 Itaporanga,7.00,1.00,34.00,4.00,68.00,20.00,109.00,25.00,,,,,,,,,,,,,,,,,,,
6.00,BAURU,352290 Itapuí,19.00,0.00,118.00,8.00,298.00,74.00,435.00,82.00,,,,,,,,,,,,,,,,,,,
2.00,ARAÇATUBA,352300 Itapura,2.00,0.00,20.00,3.00,10.00,4.00,32.00,7.00,,,,,,,,,,,,,,,,,,,
1.00,GRANDE SÃO PAULO,352310 Itaquaquecetuba,433.00,204.00,"1,764.00",596.00,"1,588.00",372.00,"3,785.00","1,172.00",,,,,,,,,,,,,,,,,,,
16.00,SOROCABA,352320 Itararé,5.00,3.00,43.00,31.00,172.00,120.00,220.00,154.00,,,,,,,,,,,,,,,,,,,
12.00,REGISTRO,352330 Itariri,3.00,1.00,18.00,0.00,7.00,0.00,28.00,1.00,,,,,,,,,,,,,,,,,,,
7.00,CAMPINAS,352340 Itatiba,444.00,261.00,"1,175.00",616.00,"1,575.00",835.00,"3,194.00","1,712.00",,,,,,,,,,,,,,,,,,,
6.00,BAURU,352350 Itatinga,8.00,2.00,48.00,9.00,102.00,20.00,158.00,31.00,,,,,,,,,,,,,,,,,,,
10.00,PIRACICABA,352360 Itirapina,15.00,0.00,70.00,23.00,190.00,136.00,275.00,159.00,,,,,,,,,,,,,,,,,,,
8.00,FRANCA,352370 Itirapuã,10.00,5.00,59.00,27.00,125.00,52.00,194.00,84.00,,,,,,,,,,,,,,,,,,,
14.00,SÃO JOÃO DA BOA VISTA,352380 Itobi,9.00,1.00,21.00,12.00,145.00,55.00,175.00,68.00,,,,,,,,,,,,,,,,,,,
16.00,SOROCABA,352390 Itu,"1,677.00",858.00,"4,394.00","1,902.00","7,058.00","3,609.00","13,129.00","6,369.00",,,,,,,,,,,,,,,,,,,
7.00,CAMPINAS,352400 Itupeva,13.00,10.00,51.00,38.00,117.00,92.00,181.00,140.00,,,,,,,,,,,,,,,,,,,
8.00,FRANCA,352410 Ituverava,44.00,3.00,53.00,7.00,40.00,3.00,137.00,13.00,,,,,,,,,,,,,,,,,,,
5.00,BARRETOS,352420 Jaborandi,10.00,6.00,60.00,26.00,58.00,30.00,128.00,62.00,,,,,,,,,,,,,,,,,,,
13.00,RIBEIRÃO PRETO,352430 Jaboticabal,89.00,37.00,499.00,233.00,399.00,254.00,987.00,524.00,,,,,,,,,,,,,,,,,,,
17.00,TAUBATÉ,352440 Jacareí,"4,902.00","2,803.00","11,295.00","6,258.00","14,510.00","7,523.00","30,707.00","16,584.00",,,,,,,,,,,,,,,,,,,
15.00,SÃO JOSÉ DO RIO PRETO,352450 Jaci,8.00,3.00,36.00,4.00,39.00,4.00,83.00,11.00,,,,,,,,,,,,,,,,,,,
12.00,REGISTRO,352460 Jacupiranga,0.00,0.00,71.00,10.00,131.00,11.00,202.00,21.00,,,,,,,,,,,,,,,,,,,
7.00,CAMPINAS,352470 Jaguariúna,345.00,102.00,"1,041.00",744.00,"2,405.00","1,779.00","3,791.00","2,625.00",,,,,,,,,,,,,,,,,,,
15.00,SÃO JOSÉ DO RIO PRETO,352480 Jales,56.00,8.00,196.00,30.00,335.00,59.00,587.00,97.00,,,,,,,,,,,,,,,,,,,
17.00,TAUBATÉ,352490 Jambeiro,20.00,4.00,53.00,4.00,184.00,53.00,257.00,61.00,,,,,,,,,,,,,,,,,,,
1.00,GRANDE SÃO PAULO,352500 Jandira,46.00,5.00,172.00,12.00,187.00,17.00,405.00,34.00,,,,,,,,,,,,,,,,,,,
13.00,RIBEIRÃO PRETO,352510 Jardinópolis,506.00,138.00,744.00,239.00,900.00,367.00,"2,150.00",744.00,,,,,,,,,,,,,,,,,,,
7.00,CAMPINAS,352520 Jarinu,27.00,9.00,109.00,29.00,167.00,42.00,303.00,80.00,,,,,,,,,,,,,,,,,,,
6.00,BAURU,352530 Jaú,482.00,124.00,"1,494.00",366.00,"3,370.00",391.00,"5,346.00",881.00,,,,,,,,,,,,,,,,,,,
8.00,FRANCA,352540 Jeriquara,8.00,1.00,54.00,46.00,66.00,64.00,128.00,111.00,,,,,,,,,,,,,,,,,,,
7.00,CAMPINAS,352550 Joanópolis,27.00,5.00,183.00,37.00,283.00,132.00,493.00,174.00,,,,,,,,,,,,,,,,,,,
11.00,PRESIDENTE PRUDENTE,352560 João Ramalho,2.00,0.00,34.00,0.00,21.00,0.00,57.00,0.00,,,,,,,,,,,,,,,,,,,
15.00,SÃO JOSÉ DO RIO PRETO,352570 José Bonifácio,36.00,9.00,111.00,9.00,172.00,21.00,319.00,39.00,,,,,,,,,,,,,,,,,,,
9.00,MARÍLIA,352580 Júlio Mesquita,5.00,1.00,11.00,3.00,1.00,0.00,17.00,4.00,,,,,,,,,,,,,,,,,,,
16.00,SOROCABA,352585 Jumirim,3.00,0.00,14.00,0.00,18.00,0.00,35.00,0.00,,,,,,,,,,,,,,,,,,,
7.00,CAMPINAS,352590 Jundiaí,521.00,410.00,"1,396.00","1,178.00","2,871.00","2,435.00","4,788.00","4,023.00",,,,,,,,,,,,,,,,,,,
11.00,PRESIDENTE PRUDENTE,352600 Junqueirópolis,12.00,1.00,26.00,6.00,26.00,5.00,64.00,12.00,,,,,,,,,,,,,,,,,,,
12.00,REGISTRO,352610 Juquiá,4.00,2.00,61.00,6.00,66.00,15.00,131.00,23.00,,,,,,,,,,,,,,,,,,,
1.00,GRANDE SÃO PAULO,352620 Juquitiba,7.00,5.00,46.00,33.00,118.00,83.00,171.00,121.00,,,,,,,,,,,,,,,,,,,
17.00,TAUBATÉ,352630 Lagoinha,2.00,0.00,21.00,7.00,218.00,66.00,241.00,73.00,,,,,,,,,,,,,,,,,,,
6.00,BAURU,352640 Laranjal Paulista,17.00,1.00,45.00,6.00,41.00,23.00,103.00,30.00,,,,,,,,,,,,,,,,,,,
2.00,ARAÇATUBA,352650 Lavínia,6.00,0.00,30.00,2.00,24.00,3.00,60.00,5.00,,,,,,,,,,,,,,,,,,,
17.00,TAUBATÉ,352660 Lavrinhas,9.00,1.00,78.00,22.00,105.00,35.00,192.00,58.00,,,,,,,,,,,,,,,,,,,
10.00,PIRACICABA,352670 Leme,111.00,69.00,597.00,313.00,"1,362.00",767.00,"2,070.00","1,149.00",,,,,,,,,,,,,,,,,,,
6.00,BAURU,352680 Lençóis Paulista,183.00,57.00,487.00,118.00,962.00,448.00,"1,632.00",623.00,,,,,,,,,,,,,,,,,,,
10.00,PIRACICABA,352690 Limeira,944.00,219.00,"2,579.00",433.00,"1,732.00",696.00,"5,255.00","1,348.00",,,,,,,,,,,,,,,,,,,
7.00,CAMPINAS,352700 Lindóia,6.00,0.00,51.00,4.00,96.00,16.00,153.00,20.00,,,,,,,,,,,,,,,,,,,
6.00,BAURU,352710 Lins,136.00,17.00,231.00,22.00,187.00,19.00,554.00,58.00,,,,,,,,,,,,,,,,,,,
17.00,TAUBATÉ,352720 Lorena,333.00,146.00,"1,404.00","1,095.00","1,251.00","1,184.00","2,988.00","2,425.00",,,,,,,,,,,,,,,,,,,
2.00,ARAÇATUBA,352725 Lourdes,6.00,0.00,20.00,0.00,16.00,3.00,42.00,3.00,,,,,,,,,,,,,,,,,,,
7.00,CAMPINAS,352730 Louveira,34.00,13.00,134.00,66.00,354.00,230.00,522.00,309.00,,,,,,,,,,,,,,,,,,,
9.00,MARÍLIA,352740 Lucélia,33.00,3.00,78.00,3.00,49.00,3.00,160.00,9.00,,,,,,,,,,,,,,,,,,,
6.00,BAURU,352750 Lucianópolis,3.00,3.00,31.00,30.00,18.00,17.00,52.00,50.00,,,,,,,,,,,,,,,,,,,
13.00,RIBEIRÃO PRETO,352760 Luís Antônio,10.00,1.00,37.00,1.00,89.00,5.00,136.00,7.00,,,,,,,,,,,,,,,,,,,
2.00,ARAÇATUBA,352770 Luiziânia,0.00,0.00,7.00,3.00,13.00,10.00,20.00,13.00,,,,,,,,,,,,,,,,,,,
9.00,MARÍLIA,352780 Lupércio,5.00,2.00,31.00,5.00,25.00,12.00,61.00,19.00,,,,,,,,,,,,,,,,,,,
9.00,MARÍLIA,352790 Lutécia,4.00,0.00,16.00,2.00,10.00,0.00,30.00,2.00,,,,,,,,,,,,,,,,,,,
6.00,BAURU,352800 Macatuba,22.00,15.00,80.00,57.00,217.00,191.00,319.00,263.00,,,,,,,,,,,,,,,,,,,
15.00,SÃO JOSÉ DO RIO PRETO,352810 Macaubal,9.00,0.00,9.00,0.00,8.00,1.00,26.00,1.00,,,,,,,,,,,,,,,,,,,
15.00,SÃO JOSÉ DO RIO PRETO,352820 Macedônia,3.00,0.00,2.00,0.00,8.00,0.00,13.00,0.00,,,,,,,,,,,,,,,,,,,
15.00,SÃO JOSÉ DO RIO PRETO,352830 Magda,0.00,0.00,9.00,0.00,4.00,0.00,13.00,0.00,,,,,,,,,,,,,,,,,,,
16.00,SOROCABA,352840 Mairinque,19.00,3.00,175.00,42.00,527.00,171.00,721.00,216.00,,,,,,,,,,,,,,,,,,,
1.00,GRANDE SÃO PAULO,352850 Mairiporã,315.00,88.00,"1,521.00","1,211.00","2,739.00",235.00,"4,575.00","1,534.00",,,,,,,,,,,,,,,,,,,
6.00,BAURU,352860 Manduri,92.00,34.00,99.00,74.00,265.00,246.00,456.00,354.00,,,,,,,,,,,,,,,,,,,
11.00,PRESIDENTE PRUDENTE,352870 Marabá Paulista,6.00,1.00,17.00,2.00,33.00,13.00,56.00,16.00,,,,,,,,,,,,,,,,,,,
9.00,MARÍLIA,352880 Maracaí,11.00,0.00,87.00,33.00,150.00,88.00,248.00,121.00,,,,,,,,,,,,,,,,,,,
15.00,SÃO JOSÉ DO RIO PRETO,352885 Marapoama,2.00,0.00,24.00,1.00,30.00,3.00,56.00,4.00,,,,,,,,,,,,,,,,,,,
9.00,MARÍLIA,352890 Mariápolis,7.00,0.00,28.00,1.00,25.00,0.00,60.00,1.00,,,,,,,,,,,,,,,,,,,
9.00,MARÍLIA,352900 Marília,"1,790.00","1,042.00","4,881.00","1,802.00","7,107.00","1,808.00","13,778.00","4,652.00",,,,,,,,,,,,,,,,,,,
15.00,SÃO JOSÉ DO RIO PRETO,352910 Marinópolis,13.00,6.00,31.00,6.00,20.00,3.00,64.00,15.00,,,,,,,,,,,,,,,,,,,
11.00,PRESIDENTE PRUDENTE,352920 Martinópolis,15.00,2.00,60.00,18.00,49.00,17.00,124.00,37.00,,,,,,,,,,,,,,,,,,,
3.00,ARARAQUARA,352930 Matão,86.00,24.00,440.00,88.00,796.00,255.00,"1,322.00",367.00,,,,,,,,,,,,,,,,,,,
1.00,GRANDE SÃO PAULO,352940 Mauá,385.00,98.00,"1,921.00",810.00,"3,726.00","2,344.00","6,032.00","3,252.00",,,,,,,,,,,,,,,,,,,
15.00,SÃO JOSÉ DO RIO PRETO,352950 Mendonça,19.00,2.00,25.00,4.00,73.00,5.00,117.00,11.00,,,,,,,,,,,,,,,,,,,
15.00,SÃO JOSÉ DO RIO PRETO,352960 Meridiano,3.00,0.00,11.00,0.00,26.00,9.00,40.00,9.00,,,,,,,,,,,,,,,,,,,
15.00,SÃO JOSÉ DO RIO PRETO,352965 Mesópolis,0.00,0.00,5.00,3.00,41.00,21.00,46.00,24.00,,,,,,,,,,,,,,,,,,,
8.00,FRANCA,352970 Miguelópolis,3.00,2.00,11.00,8.00,2.00,2.00,16.00,12.00,,,,,,,,,,,,,,,,,,,
6.00,BAURU,352980 Mineiros do Tietê,73.00,44.00,610.00,479.00,"1,400.00","1,109.00","2,083.00","1,632.00",,,,,,,,,,,,,,,,,,,
12.00,REGISTRO,352990 Miracatu,16.00,2.00,80.00,14.00,182.00,5.00,278.00,21.00,,,,,,,,,,,,,,,,,,,
15.00,SÃO JOSÉ DO RIO PRETO,353000 Mira Estrela,3.00,0.00,12.00,8.00,36.00,5.00,51.00,13.00,,,,,,,,,,,,,,,,,,,
2.00,ARAÇATUBA,353010 Mirandópolis,55.00,19.00,97.00,12.00,109.00,22.00,261.00,53.00,,,,,,,,,,,,,,,,,,,
11.00,PRESIDENTE PRUDENTE,353020 Mirante do Paranapanema,13.00,0.00,52.00,1.00,75.00,5.00,140.00,6.00,,,,,,,,,,,,,,,,,,,
15.00,SÃO JOSÉ DO RIO PRETO,353030 Mirassol,94.00,17.00,292.00,44.00,293.00,21.00,679.00,82.00,,,,,,,,,,,,,,,,,,,
15.00,SÃO JOSÉ DO RIO PRETO,353040 Mirassolândia,9.00,3.00,33.00,15.00,57.00,24.00,99.00,42.00,,,,,,,,,,,,,,,,,,,
14.00,SÃO JOÃO DA BOA VISTA,353050 Mococa,212.00,136.00,798.00,517.00,"1,333.00",818.00,"2,343.00","1,471.00",,,,,,,,,,,,,,,,,,,
1.00,GRANDE SÃO PAULO,353060 Mogi das Cruzes,468.00,150.00,"3,527.00",915.00,"5,483.00","1,263.00","9,478.00","2,328.00",,,,,,,,,,,,,,,,,,,
14.00,SÃO JOÃO DA BOA VISTA,353070 Mogi Guaçu,375.00,51.00,"1,259.00",181.00,573.00,322.00,"2,207.00",554.00,,,,,,,,,,,,,,,,,,,
14.00,SÃO JOÃO DA BOA VISTA,353080 Mogi Mirim,159.00,32.00,273.00,224.00,232.00,208.00,664.00,464.00,,,,,,,,,,,,,,,,,,,
10.00,PIRACICABA,353090 Mombuca,3.00,1.00,13.00,3.00,10.00,5.00,26.00,9.00,,,,,,,,,,,,,,,,,,,
15.00,SÃO JOSÉ DO RIO PRETO,353100 Monções,2.00,1.00,2.00,0.00,6.00,2.00,10.00,3.00,,,,,,,,,,,,,,,,,,,
4.00,BAIXADA SANTISTA,353110 Mongaguá,28.00,7.00,141.00,23.00,685.00,116.00,854.00,146.00,,,,,,,,,,,,,,,,,,,
7.00,CAMPINAS,353120 Monte Alegre do Sul,1.00,1.00,12.00,1.00,49.00,16.00,62.00,18.00,,,,,,,,,,,,,,,,,,,
13.00,RIBEIRÃO PRETO,353130 Monte Alto,99.00,64.00,330.00,145.00,469.00,250.00,898.00,459.00,,,,,,,,,,,,,,,,,,,
15.00,SÃO JOSÉ DO RIO PRETO,353140 Monte Aprazível,17.00,5.00,54.00,16.00,59.00,7.00,130.00,28.00,,,,,,,,,,,,,,,,,,,
5.00,BARRETOS,353150 Monte Azul Paulista,312.00,261.00,207.00,162.00,164.00,149.00,683.00,572.00,,,,,,,,,,,,,,,,,,,
11.00,PRESIDENTE PRUDENTE,353160 Monte Castelo,7.00,1.00,18.00,1.00,32.00,7.00,57.00,9.00,,,,,,,,,,,,,,,,,,,
17.00,TAUBATÉ,353170 Monteiro Lobato,3.00,1.00,20.00,2.00,51.00,15.00,74.00,18.00,,,,,,,,,,,,,,,,,,,
7.00,CAMPINAS,353180 Monte Mor,39.00,16.00,184.00,111.00,674.00,570.00,897.00,697.00,,,,,,,,,,,,,,,,,,,
8.00,FRANCA,353190 Morro Agudo,110.00,5.00,244.00,17.00,127.00,36.00,481.00,58.00,,,,,,,,,,,,,,,,,,,
7.00,CAMPINAS,353200 Morungaba,26.00,9.00,103.00,22.00,160.00,45.00,289.00,76.00,,,,,,,,,,,,,,,,,,,
3.00,ARARAQUARA,353205 Motuca,2.00,1.00,5.00,0.00,13.00,5.00,20.00,6.00,,,,,,,,,,,,,,,,,,,
2.00,ARAÇATUBA,353210 Murutinga do Sul,1.00,0.00,5.00,0.00,4.00,0.00,10.00,0.00,,,,,,,,,,,,,,,,,,,
11.00,PRESIDENTE PRUDENTE,353215 Nantes,5.00,1.00,25.00,2.00,21.00,12.00,51.00,15.00,,,,,,,,,,,,,,,,,,,
11.00,PRESIDENTE PRUDENTE,353220 Narandiba,10.00,0.00,29.00,0.00,27.00,0.00,66.00,0.00,,,,,,,,,,,,,,,,,,,
17.00,TAUBATÉ,353230 Natividade da Serra,6.00,0.00,15.00,1.00,64.00,21.00,85.00,22.00,,,,,,,,,,,,,,,,,,,
7.00,CAMPINAS,353240 Nazaré Paulista,7.00,1.00,27.00,4.00,9.00,1.00,43.00,6.00,,,,,,,,,,,,,,,,,,,
15.00,SÃO JOSÉ DO RIO PRETO,353250 Neves Paulista,77.00,3.00,256.00,11.00,281.00,11.00,614.00,25.00,,,,,,,,,,,,,,,,,,,
15.00,SÃO JOSÉ DO RIO PRETO,353260 Nhandeara,4.00,1.00,27.00,4.00,29.00,6.00,60.00,11.00,,,,,,,,,,,,,,,,,,,
15.00,SÃO JOSÉ DO RIO PRETO,353270 Nipoã,3.00,1.00,10.00,1.00,1.00,0.00,14.00,2.00,,,,,,,,,,,,,,,,,,,
15.00,SÃO JOSÉ DO RIO PRETO,353280 Nova Aliança,22.00,1.00,30.00,3.00,53.00,5.00,105.00,9.00,,,,,,,,,,,,,,,,,,,
16.00,SOROCABA,353282 Nova Campina,3.00,0.00,3.00,2.00,22.00,14.00,28.00,16.00,,,,,,,,,,,,,,,,,,,
15.00,SÃO JOSÉ DO RIO PRETO,353284 Nova Canaã Paulista,1.00,0.00,7.00,0.00,5.00,0.00,13.00,0.00,,,,,,,,,,,,,,,,,,,
2.00,ARAÇATUBA,353286 Nova Castilho,0.00,0.00,0.00,0.00,1.00,1.00,1.00,1.00,,,,,,,,,,,,,,,,,,,
3.00,ARARAQUARA,353290 Nova Europa,9.00,1.00,43.00,14.00,57.00,18.00,109.00,33.00,,,,,,,,,,,,,,,,,,,
15.00,SÃO JOSÉ DO RIO PRETO,353300 Nova Granada,83.00,4.00,78.00,11.00,83.00,9.00,244.00,24.00,,,,,,,,,,,,,,,,,,,
11.00,PRESIDENTE PRUDENTE,353310 Nova Guataporanga,2.00,0.00,14.00,8.00,13.00,5.00,29.00,13.00,,,,,,,,,,,,,,,,,,,
2.00,ARAÇATUBA,353320 Nova Independência,18.00,1.00,34.00,4.00,30.00,6.00,82.00,11.00,,,,,,,,,,,,,,,,,,,
15.00,SÃO JOSÉ DO RIO PRETO,353325 Novais,9.00,2.00,27.00,7.00,49.00,11.00,85.00,20.00,,,,,,,,,,,,,,,,,,,
2.00,ARAÇATUBA,353330 Nova Luzitânia,1.00,0.00,6.00,0.00,6.00,1.00,13.00,1.00,,,,,,,,,,,,,,,,,,,
7.00,CAMPINAS,353340 Nova Odessa,93.00,34.00,471.00,286.00,"1,339.00","1,080.00","1,903.00","1,400.00",,,,,,,,,,,,,,,,,,,
15.00,SÃO JOSÉ DO RIO PRETO,353350 Novo Horizonte,124.00,18.00,375.00,56.00,498.00,163.00,997.00,237.00,,,,,,,,,,,,,,,,,,,
8.00,FRANCA,353360 Nuporanga,27.00,18.00,70.00,31.00,91.00,49.00,188.00,98.00,,,,,,,,,,,,,,,,,,,
9.00,MARÍLIA,353370 Ocauçu,31.00,13.00,52.00,9.00,69.00,16.00,152.00,38.00,,,,,,,,,,,,,,,,,,,
9.00,MARÍLIA,353380 Óleo,2.00,0.00,5.00,3.00,43.00,30.00,50.00,33.00,,,,,,,,,,,,,,,,,,,
5.00,BARRETOS,353390 Olímpia,648.00,346.00,"1,264.00",537.00,"1,887.00",636.00,"3,799.00","1,519.00",,,,,,,,,,,,,,,,,,,
15.00,SÃO JOSÉ DO RIO PRETO,353400 Onda Verde,44.00,15.00,106.00,47.00,77.00,19.00,227.00,81.00,,,,,,,,,,,,,,,,,,,
9.00,MARÍLIA,353410 Oriente,14.00,6.00,95.00,29.00,77.00,38.00,186.00,73.00,,,,,,,,,,,,,,,,,,,
15.00,SÃO JOSÉ DO RIO PRETO,353420 Orindiúva,38.00,3.00,65.00,11.00,59.00,14.00,162.00,28.00,,,,,,,,,,,,,,,,,,,
8.00,FRANCA,353430 Orlândia,78.00,9.00,175.00,18.00,174.00,37.00,427.00,64.00,,,,,,,,,,,,,,,,,,,
1.00,GRANDE SÃO PAULO,353440 Osasco,735.00,433.00,"3,088.00","2,061.00","5,130.00","2,759.00","8,953.00","5,253.00",,,,,,,,,,,,,,,,,,,
9.00,MARÍLIA,353450 Oscar Bressane,7.00,4.00,22.00,9.00,26.00,2.00,55.00,15.00,,,,,,,,,,,,,,,,,,,
9.00,MARÍLIA,353460 Osvaldo Cruz,26.00,13.00,144.00,70.00,167.00,110.00,337.00,193.00,,,,,,,,,,,,,,,,,,,
9.00,MARÍLIA,353470 Ourinhos,202.00,107.00,624.00,238.00,"1,038.00",291.00,"1,864.00",636.00,,,,,,,,,,,,,,,,,,,
15.00,SÃO JOSÉ DO RIO PRETO,353475 Ouroeste,84.00,21.00,127.00,35.00,124.00,35.00,335.00,91.00,,,,,,,,,,,,,,,,,,,
11.00,PRESIDENTE PRUDENTE,353480 Ouro Verde,11.00,2.00,26.00,1.00,35.00,2.00,72.00,5.00,,,,,,,,,,,,,,,,,,,
9.00,MARÍLIA,353490 Pacaembu,4.00,2.00,11.00,10.00,10.00,9.00,25.00,21.00,,,,,,,,,,,,,,,,,,,
15.00,SÃO JOSÉ DO RIO PRETO,353500 Palestina,82.00,7.00,196.00,12.00,125.00,6.00,403.00,25.00,,,,,,,,,,,,,,,,,,,
15.00,SÃO JOSÉ DO RIO PRETO,353510 Palmares Paulista,491.00,377.00,353.00,142.00,261.00,9.00,"1,105.00",528.00,,,,,,,,,,,,,,,,,,,
15.00,SÃO JOSÉ DO RIO PRETO,353520 Palmeira d'Oeste,14.00,3.00,60.00,25.00,55.00,8.00,129.00,36.00,,,,,,,,,,,,,,,,,,,
9.00,MARÍLIA,353530 Palmital,42.00,8.00,104.00,21.00,154.00,67.00,300.00,96.00,,,,,,,,,,,,,,,,,,,
11.00,PRESIDENTE PRUDENTE,353540 Panorama,27.00,3.00,74.00,10.00,42.00,4.00,143.00,17.00,,,,,,,,,,,,,,,,,,,
9.00,MARÍLIA,353550 Paraguaçu Paulista,88.00,21.00,330.00,108.00,647.00,128.00,"1,065.00",257.00,,,,,,,,,,,,,,,,,,,
17.00,TAUBATÉ,353560 Paraibuna,50.00,5.00,238.00,27.00,247.00,27.00,535.00,59.00,,,,,,,,,,,,,,,,,,,
15.00,SÃO JOSÉ DO RIO PRETO,353570 Paraíso,180.00,127.00,147.00,80.00,165.00,28.00,492.00,235.00,,,,,,,,,,,,,,,,,,,
6.00,BAURU,353580 Paranapanema,2.00,0.00,24.00,1.00,76.00,19.00,102.00,20.00,,,,,,,,,,,,,,,,,,,
15.00,SÃO JOSÉ DO RIO PRETO,353590 Paranapuã,9.00,3.00,14.00,4.00,23.00,8.00,46.00,15.00,,,,,,,,,,,,,,,,,,,
9.00,MARÍLIA,353600 Parapuã,37.00,4.00,125.00,17.00,116.00,22.00,278.00,43.00,,,,,,,,,,,,,,,,,,,
6.00,BAURU,353610 Pardinho,6.00,2.00,3.00,1.00,19.00,7.00,28.00,10.00,,,,,,,,,,,,,,,,,,,
12.00,REGISTRO,353620 PariqueraÁAçu,7.00,2.00,26.00,10.00,360.00,50.00,393.00,62.00,,,,,,,,,,,,,,,,,,,
15.00,SÃO JOSÉ DO RIO PRETO,353625 Parisi,13.00,4.00,55.00,22.00,116.00,65.00,184.00,91.00,,,,,,,,,,,,,,,,,,,
8.00,FRANCA,353630 Patrocínio Paulista,9.00,1.00,157.00,100.00,143.00,49.00,309.00,150.00,,,,,,,,,,,,,,,,,,,
11.00,PRESIDENTE PRUDENTE,353640 Paulicéia,5.00,3.00,23.00,15.00,10.00,0.00,38.00,18.00,,,,,,,,,,,,,,,,,,,
7.00,CAMPINAS,353650 Paulínia,438.00,206.00,959.00,467.00,"1,285.00",791.00,"2,682.00","1,464.00",,,,,,,,,,,,,,,,,,,
6.00,BAURU,353657 Paulistânia,0.00,0.00,1.00,0.00,12.00,8.00,13.00,8.00,,,,,,,,,,,,,,,,,,,
15.00,SÃO JOSÉ DO RIO PRETO,353660 Paulo de Faria,126.00,36.00,319.00,144.00,529.00,232.00,974.00,412.00,,,,,,,,,,,,,,,,,,,
6.00,BAURU,353670 Pederneiras,"1,345.00","1,084.00","1,316.00",986.00,849.00,412.00,"3,510.00","2,482.00",,,,,,,,,,,,,,,,,,,
7.00,CAMPINAS,353680 Pedra Bela,4.00,0.00,25.00,7.00,40.00,11.00,69.00,18.00,,,,,,,,,,,,,,,,,,,
15.00,SÃO JOSÉ DO RIO PRETO,353690 Pedranópolis,2.00,0.00,7.00,1.00,18.00,2.00,27.00,3.00,,,,,,,,,,,,,,,,,,,
8.00,FRANCA,353700 Pedregulho,341.00,85.00,255.00,61.00,41.00,13.00,637.00,159.00,,,,,,,,,,,,,,,,,,,
7.00,CAMPINAS,353710 Pedreira,41.00,12.00,245.00,83.00,642.00,145.00,928.00,240.00,,,,,,,,,,,,,,,,,,,
9.00,MARÍLIA,353715 Pedrinhas Paulista,14.00,0.00,43.00,8.00,79.00,27.00,136.00,35.00,,,,,,,,,,,,,,,,,,,
12.00,REGISTRO,353720 Pedro de Toledo,2.00,0.00,8.00,0.00,5.00,0.00,15.00,0.00,,,,,,,,,,,,,,,,,,,
2.00,ARAÇATUBA,353730 Penápolis,20.00,2.00,50.00,8.00,63.00,7.00,133.00,17.00,,,,,,,,,,,,,,,,,,,
2.00,ARAÇATUBA,353740 Pereira Barreto,15.00,1.00,42.00,7.00,68.00,24.00,125.00,32.00,,,,,,,,,,,,,,,,,,,
6.00,BAURU,353750 Pereiras,2.00,0.00,4.00,4.00,5.00,2.00,11.00,6.00,,,,,,,,,,,,,,,,,,,
4.00,BAIXADA SANTISTA,353760 Peruíbe,100.00,15.00,455.00,100.00,691.00,327.00,"1,246.00",442.00,,,,,,,,,,,,,,,,,,,
2.00,ARAÇATUBA,353770 Piacatu,3.00,2.00,5.00,4.00,3.00,2.00,11.00,8.00,,,,,,,,,,,,,,,,,,,
16.00,SOROCABA,353780 Piedade,21.00,3.00,163.00,14.00,247.00,67.00,431.00,84.00,,,,,,,,,,,,,,,,,,,
16.00,SOROCABA,353790 Pilar do Sul,11.00,4.00,17.00,7.00,31.00,16.00,59.00,27.00,,,,,,,,,,,,,,,,,,,
17.00,TAUBATÉ,353800 Pindamonhangaba,"3,146.00","3,089.00","5,094.00","4,999.00","1,443.00","1,371.00","9,683.00","9,459.00",,,,,,,,,,,,,,,,,,,
15.00,SÃO JOSÉ DO RIO PRETO,353810 Pindorama,91.00,35.00,161.00,76.00,266.00,130.00,518.00,241.00,,,,,,,,,,,,,,,,,,,
7.00,CAMPINAS,353820 Pinhalzinho,16.00,4.00,80.00,7.00,327.00,6.00,423.00,17.00,,,,,,,,,,,,,,,,,,,
11.00,PRESIDENTE PRUDENTE,353830 Piquerobi,2.00,0.00,16.00,0.00,18.00,2.00,36.00,2.00,,,,,,,,,,,,,,,,,,,
17.00,TAUBATÉ,353850 Piquete,51.00,10.00,390.00,101.00,514.00,205.00,955.00,316.00,,,,,,,,,,,,,,,,,,,
7.00,CAMPINAS,353860 Piracaia,20.00,3.00,107.00,8.00,351.00,0.00,478.00,11.00,,,,,,,,,,,,,,,,,,,
10.00,PIRACICABA,353870 Piracicaba,"2,967.00","1,120.00","6,463.00","1,802.00","10,653.00","4,496.00","20,083.00","7,418.00",,,,,,,,,,,,,,,,,,,
6.00,BAURU,353880 Piraju,31.00,13.00,171.00,68.00,599.00,333.00,801.00,414.00,,,,,,,,,,,,,,,,,,,
6.00,BAURU,353890 Pirajuí,20.00,1.00,51.00,4.00,27.00,4.00,98.00,9.00,,,,,,,,,,,,,,,,,,,
15.00,SÃO JOSÉ DO RIO PRETO,353900 Pirangi,51.00,28.00,218.00,139.00,328.00,138.00,597.00,305.00,,,,,,,,,,,,,,,,,,,
1.00,GRANDE SÃO PAULO,353910 Pirapora do Bom Jesus,7.00,0.00,97.00,9.00,64.00,16.00,168.00,25.00,,,,,,,,,,,,,,,,,,,
11.00,PRESIDENTE PRUDENTE,353920 Pirapozinho,41.00,4.00,82.00,5.00,119.00,14.00,242.00,23.00,,,,,,,,,,,,,,,,,,,
10.00,PIRACICABA,353930 Pirassununga,318.00,220.00,777.00,565.00,"1,553.00","1,032.00","2,648.00","1,817.00",,,,,,,,,,,,,,,,,,,
6.00,BAURU,353940 Piratininga,6.00,0.00,24.00,9.00,34.00,10.00,64.00,19.00,,,,,,,,,,,,,,,,,,,
13.00,RIBEIRÃO PRETO,353950 Pitangueiras,87.00,13.00,332.00,42.00,331.00,84.00,750.00,139.00,,,,,,,,,,,,,,,,,,,
15.00,SÃO JOSÉ DO RIO PRETO,353960 Planalto,18.00,6.00,54.00,10.00,40.00,2.00,112.00,18.00,,,,,,,,,,,,,,,,,,,
9.00,MARÍLIA,353970 Platina,16.00,3.00,62.00,22.00,37.00,18.00,115.00,43.00,,,,,,,,,,,,,,,,,,,
1.00,GRANDE SÃO PAULO,353980 Poá,202.00,77.00,971.00,225.00,"1,091.00",27.00,"2,264.00",329.00,,,,,,,,,,,,,,,,,,,
15.00,SÃO JOSÉ DO RIO PRETO,353990 Poloni,13.00,0.00,18.00,0.00,13.00,0.00,44.00,0.00,,,,,,,,,,,,,,,,,,,
9.00,MARÍLIA,354000 Pompéia,22.00,20.00,26.00,24.00,115.00,105.00,163.00,149.00,,,,,,,,,,,,,,,,,,,
6.00,BAURU,354010 Pongaí,73.00,53.00,30.00,25.00,31.00,16.00,134.00,94.00,,,,,,,,,,,,,,,,,,,
13.00,RIBEIRÃO PRETO,354020 Pontal,164.00,33.00,347.00,91.00,299.00,147.00,810.00,271.00,,,,,,,,,,,,,,,,,,,
15.00,SÃO JOSÉ DO RIO PRETO,354025 Pontalinda,1.00,0.00,10.00,1.00,19.00,2.00,30.00,3.00,,,,,,,,,,,,,,,,,,,
15.00,SÃO JOSÉ DO RIO PRETO,354030 Pontes Gestal,7.00,1.00,19.00,2.00,74.00,10.00,100.00,13.00,,,,,,,,,,,,,,,,,,,
15.00,SÃO JOSÉ DO RIO PRETO,354040 Populina,7.00,3.00,26.00,16.00,12.00,11.00,45.00,30.00,,,,,,,,,,,,,,,,,,,
6.00,BAURU,354050 Porangaba,6.00,0.00,48.00,0.00,133.00,19.00,187.00,19.00,,,,,,,,,,,,,,,,,,,
16.00,SOROCABA,354060 Porto Feliz,140.00,20.00,542.00,55.00,"1,127.00",199.00,"1,809.00",274.00,,,,,,,,,,,,,,,,,,,
3.00,ARARAQUARA,354070 Porto Ferreira,81.00,18.00,467.00,78.00,626.00,228.00,"1,174.00",324.00,,,,,,,,,,,,,,,,,,,
17.00,TAUBATÉ,354075 Potim,96.00,56.00,388.00,245.00,472.00,160.00,956.00,461.00,,,,,,,,,,,,,,,,,,,
15.00,SÃO JOSÉ DO RIO PRETO,354080 Potirendaba,17.00,4.00,34.00,7.00,62.00,5.00,113.00,16.00,,,,,,,,,,,,,,,,,,,
9.00,MARÍLIA,354085 Pracinha,1.00,0.00,7.00,0.00,4.00,0.00,12.00,0.00,,,,,,,,,,,,,,,,,,,
13.00,RIBEIRÃO PRETO,354090 Pradópolis,17.00,5.00,34.00,5.00,25.00,9.00,76.00,19.00,,,,,,,,,,,,,,,,,,,
4.00,BAIXADA SANTISTA,354100 Praia Grande,119.00,49.00,385.00,158.00,243.00,75.00,747.00,282.00,,,,,,,,,,,,,,,,,,,
6.00,BAURU,354105 Pratânia,8.00,0.00,47.00,3.00,87.00,20.00,142.00,23.00,,,,,,,,,,,,,,,,,,,
6.00,BAURU,354110 Presidente Alves,3.00,0.00,22.00,5.00,7.00,0.00,32.00,5.00,,,,,,,,,,,,,,,,,,,
11.00,PRESIDENTE PRUDENTE,354120 Presidente Bernardes,10.00,0.00,38.00,4.00,52.00,2.00,100.00,6.00,,,,,,,,,,,,,,,,,,,
11.00,PRESIDENTE PRUDENTE,354130 Presidente Epitácio,4.00,0.00,30.00,7.00,35.00,7.00,69.00,14.00,,,,,,,,,,,,,,,,,,,
11.00,PRESIDENTE PRUDENTE,354140 Presidente Prudente,944.00,11.00,"2,220.00",26.00,"1,993.00",51.00,"5,157.00",88.00,,,,,,,,,,,,,,,,,,,
11.00,PRESIDENTE PRUDENTE,354150 Presidente Venceslau,24.00,3.00,54.00,5.00,46.00,9.00,124.00,17.00,,,,,,,,,,,,,,,,,,,
6.00,BAURU,354160 Promissão,24.00,6.00,143.00,10.00,137.00,11.00,304.00,27.00,,,,,,,,,,,,,,,,,,,
16.00,SOROCABA,354165 Quadra,1.00,0.00,0.00,0.00,1.00,0.00,2.00,0.00,,,,,,,,,,,,,,,,,,,
11.00,PRESIDENTE PRUDENTE,354170 Quatá,6.00,0.00,69.00,6.00,67.00,10.00,142.00,16.00,,,,,,,,,,,,,,,,,,,
9.00,MARÍLIA,354180 Queiroz,1.00,0.00,50.00,14.00,29.00,2.00,80.00,16.00,,,,,,,,,,,,,,,,,,,
17.00,TAUBATÉ,354190 Queluz,12.00,1.00,77.00,6.00,150.00,15.00,239.00,22.00,,,,,,,,,,,,,,,,,,,
9.00,MARÍLIA,354200 Quintana,17.00,2.00,45.00,2.00,35.00,2.00,97.00,6.00,,,,,,,,,,,,,,,,,,,
10.00,PIRACICABA,354210 Rafard,34.00,16.00,153.00,93.00,502.00,316.00,689.00,425.00,,,,,,,,,,,,,,,,,,,
11.00,PRESIDENTE PRUDENTE,354220 Rancharia,27.00,5.00,45.00,9.00,119.00,34.00,191.00,48.00,,,,,,,,,,,,,,,,,,,
17.00,TAUBATÉ,354230 Redenção da Serra,5.00,0.00,37.00,10.00,114.00,52.00,156.00,62.00,,,,,,,,,,,,,,,,,,,
11.00,PRESIDENTE PRUDENTE,354240 Regente Feijó,34.00,0.00,100.00,5.00,96.00,9.00,230.00,14.00,,,,,,,,,,,,,,,,,,,
6.00,BAURU,354250 Reginópolis,53.00,19.00,262.00,127.00,415.00,220.00,730.00,366.00,,,,,,,,,,,,,,,,,,,
12.00,REGISTRO,354260 Registro,202.00,40.00,631.00,217.00,"1,909.00",336.00,"2,742.00",593.00,,,,,,,,,,,,,,,,,,,
8.00,FRANCA,354270 Restinga,83.00,70.00,143.00,119.00,81.00,73.00,307.00,262.00,,,,,,,,,,,,,,,,,,,
16.00,SOROCABA,354280 Ribeira,0.00,0.00,0.00,0.00,8.00,5.00,8.00,5.00,,,,,,,,,,,,,,,,,,,
3.00,ARARAQUARA,354290 Ribeirão Bonito,11.00,5.00,124.00,44.00,148.00,82.00,283.00,131.00,,,,,,,,,,,,,,,,,,,
16.00,SOROCABA,354300 Ribeirão Branco,0.00,0.00,7.00,1.00,18.00,0.00,25.00,1.00,,,,,,,,,,,,,,,,,,,
8.00,FRANCA,354310 Ribeirão Corrente,72.00,13.00,92.00,18.00,77.00,9.00,241.00,40.00,,,,,,,,,,,,,,,,,,,
9.00,MARÍLIA,354320 Ribeirão do Sul,13.00,3.00,38.00,4.00,4.00,1.00,55.00,8.00,,,,,,,,,,,,,,,,,,,
11.00,PRESIDENTE PRUDENTE,354323 Ribeirão dos Ándios,1.00,1.00,2.00,0.00,5.00,1.00,8.00,2.00,,,,,,,,,,,,,,,,,,,
16.00,SOROCABA,354325 Ribeirão Grande,3.00,0.00,32.00,0.00,79.00,5.00,114.00,5.00,,,,,,,,,,,,,,,,,,,
1.00,GRANDE SÃO PAULO,354330 Ribeirão Pires,75.00,5.00,323.00,30.00,399.00,97.00,797.00,132.00,,,,,,,,,,,,,,,,,,,
13.00,RIBEIRÃO PRETO,354340 Ribeirão Preto,"4,660.00","2,994.00","8,626.00","5,947.00","10,721.00","4,775.00","24,007.00","13,716.00",,,,,,,,,,,,,,,,,,,
16.00,SOROCABA,354350 Riversul,5.00,0.00,47.00,28.00,263.00,99.00,315.00,127.00,,,,,,,,,,,,,,,,,,,
8.00,FRANCA,354360 Rifaina,18.00,3.00,24.00,1.00,99.00,26.00,141.00,30.00,,,,,,,,,,,,,,,,,,,
3.00,ARARAQUARA,354370 Rincão,15.00,1.00,101.00,9.00,121.00,24.00,237.00,34.00,,,,,,,,,,,,,,,,,,,
9.00,MARÍLIA,354380 Rinópolis,18.00,3.00,26.00,4.00,5.00,0.00,49.00,7.00,,,,,,,,,,,,,,,,,,,
10.00,PIRACICABA,354390 Rio Claro,262.00,35.00,592.00,232.00,948.00,588.00,"1,802.00",855.00,,,,,,,,,,,,,,,,,,,
10.00,PIRACICABA,354400 Rio das Pedras,30.00,7.00,132.00,25.00,274.00,64.00,436.00,96.00,,,,,,,,,,,,,,,,,,,
1.00,GRANDE SÃO PAULO,354410 Rio Grande da Serra,25.00,1.00,179.00,16.00,175.00,7.00,379.00,24.00,,,,,,,,,,,,,,,,,,,
15.00,SÃO JOSÉ DO RIO PRETO,354420 Riolândia,15.00,2.00,61.00,5.00,97.00,18.00,173.00,25.00,,,,,,,,,,,,,,,,,,,
11.00,PRESIDENTE PRUDENTE,354425 Rosana,25.00,1.00,66.00,15.00,72.00,7.00,163.00,23.00,,,,,,,,,,,,,,,,,,,
17.00,TAUBATÉ,354430 Roseira,143.00,52.00,346.00,97.00,348.00,161.00,837.00,310.00,,,,,,,,,,,,,,,,,,,
2.00,ARAÇATUBA,354440 Rubiácea,1.00,1.00,10.00,6.00,4.00,3.00,15.00,10.00,,,,,,,,,,,,,,,,,,,
15.00,SÃO JOSÉ DO RIO PRETO,354450 Rubinéia,0.00,0.00,15.00,2.00,19.00,3.00,34.00,5.00,,,,,,,,,,,,,,,,,,,
6.00,BAURU,354460 Sabino,5.00,2.00,7.00,1.00,16.00,13.00,28.00,16.00,,,,,,,,,,,,,,,,,,,
9.00,MARÍLIA,354470 Sagres,7.00,5.00,6.00,3.00,17.00,9.00,30.00,17.00,,,,,,,,,,,,,,,,,,,
15.00,SÃO JOSÉ DO RIO PRETO,354480 Sales,139.00,111.00,103.00,87.00,60.00,57.00,302.00,255.00,,,,,,,,,,,,,,,,,,,
8.00,FRANCA,354490 Sales Oliveira,13.00,0.00,48.00,10.00,36.00,6.00,97.00,16.00,,,,,,,,,,,,,,,,,,,
1.00,GRANDE SÃO PAULO,354500 Salesópolis,4.00,0.00,52.00,3.00,172.00,5.00,228.00,8.00,,,,,,,,,,,,,,,,,,,
9.00,MARÍLIA,354510 Salmourão,4.00,2.00,23.00,6.00,13.00,4.00,40.00,12.00,,,,,,,,,,,,,,,,,,,
10.00,PIRACICABA,354515 Saltinho,22.00,6.00,127.00,23.00,494.00,226.00,643.00,255.00,,,,,,,,,,,,,,,,,,,
16.00,SOROCABA,354520 Salto,241.00,49.00,901.00,185.00,"1,651.00",571.00,"2,793.00",805.00,,,,,,,,,,,,,,,,,,,
16.00,SOROCABA,354530 Salto de Pirapora,45.00,2.00,433.00,31.00,631.00,180.00,"1,109.00",213.00,,,,,,,,,,,,,,,,,,,
9.00,MARÍLIA,354540 Salto Grande,9.00,2.00,30.00,2.00,23.00,1.00,62.00,5.00,,,,,,,,,,,,,,,,,,,
11.00,PRESIDENTE PRUDENTE,354550 Sandovalina,5.00,0.00,7.00,0.00,14.00,5.00,26.00,5.00,,,,,,,,,,,,,,,,,,,
15.00,SÃO JOSÉ DO RIO PRETO,354560 Santa Adélia,34.00,13.00,95.00,34.00,126.00,30.00,255.00,77.00,,,,,,,,,,,,,,,,,,,
15.00,SÃO JOSÉ DO RIO PRETO,354570 Santa Albertina,3.00,1.00,7.00,1.00,8.00,1.00,18.00,3.00,,,,,,,,,,,,,,,,,,,
7.00,CAMPINAS,354580 Santa Bárbara d'Oeste,313.00,121.00,"1,024.00",445.00,"1,835.00",684.00,"3,172.00","1,250.00",,,,,,,,,,,,,,,,,,,
17.00,TAUBATÉ,354600 Santa Branca,58.00,25.00,638.00,219.00,"1,392.00",275.00,"2,088.00",519.00,,,,,,,,,,,,,,,,,,,
15.00,SÃO JOSÉ DO RIO PRETO,354610 Santa Clara d'Oeste,3.00,0.00,12.00,0.00,4.00,0.00,19.00,0.00,,,,,,,,,,,,,,,,,,,
10.00,PIRACICABA,354620 Santa Cruz da Conceição,6.00,1.00,16.00,2.00,40.00,17.00,62.00,20.00,,,,,,,,,,,,,,,,,,,
13.00,RIBEIRÃO PRETO,354625 Santa Cruz da Esperança,16.00,0.00,56.00,0.00,123.00,48.00,195.00,48.00,,,,,,,,,,,,,,,,,,,
14.00,SÃO JOÃO DA BOA VISTA,354630 Santa Cruz das Palmeiras,317.00,241.00,782.00,574.00,455.00,343.00,"1,554.00","1,158.00",,,,,,,,,,,,,,,,,,,
9.00,MARÍLIA,354640 Santa Cruz do Rio Pardo,81.00,26.00,180.00,76.00,462.00,265.00,723.00,367.00,,,,,,,,,,,,,,,,,,,
3.00,ARARAQUARA,354650 Santa Ernestina,24.00,3.00,45.00,1.00,15.00,3.00,84.00,7.00,,,,,,,,,,,,,,,,,,,
15.00,SÃO JOSÉ DO RIO PRETO,354660 Santa Fé do Sul,30.00,10.00,66.00,9.00,69.00,11.00,165.00,30.00,,,,,,,,,,,,,,,,,,,
10.00,PIRACICABA,354670 Santa Gertrudes,79.00,14.00,299.00,90.00,250.00,230.00,628.00,334.00,,,,,,,,,,,,,,,,,,,
1.00,GRANDE SÃO PAULO,354680 Santa Isabel,173.00,57.00,569.00,208.00,"1,592.00",379.00,"2,334.00",644.00,,,,,,,,,,,,,,,,,,,
3.00,ARARAQUARA,354690 Santa Lúcia,7.00,0.00,45.00,1.00,19.00,2.00,71.00,3.00,,,,,,,,,,,,,,,,,,,
10.00,PIRACICABA,354700 Santa Maria da Serra,9.00,2.00,64.00,4.00,91.00,18.00,164.00,24.00,,,,,,,,,,,,,,,,,,,
11.00,PRESIDENTE PRUDENTE,354710 Santa Mercedes,4.00,3.00,3.00,0.00,9.00,2.00,16.00,5.00,,,,,,,,,,,,,,,,,,,
15.00,SÃO JOSÉ DO RIO PRETO,354720 Santana da Ponte Pensa,1.00,0.00,11.00,1.00,8.00,0.00,20.00,1.00,,,,,,,,,,,,,,,,,,,
1.00,GRANDE SÃO PAULO,354730 Santana de Parnaíba,154.00,38.00,"1,081.00",224.00,"1,754.00","1,259.00","2,989.00","1,521.00",,,,,,,,,,,,,,,,,,,
15.00,SÃO JOSÉ DO RIO PRETO,354740 Santa Rita d'Oeste,0.00,0.00,14.00,1.00,4.00,1.00,18.00,2.00,,,,,,,,,,,,,,,,,,,
13.00,RIBEIRÃO PRETO,354750 Santa Rita do Passa Quatro,6.00,3.00,62.00,33.00,107.00,89.00,175.00,125.00,,,,,,,,,,,,,,,,,,,
13.00,RIBEIRÃO PRETO,354760 Santa Rosa de Viterbo,29.00,6.00,60.00,16.00,131.00,42.00,220.00,64.00,,,,,,,,,,,,,,,,,,,
15.00,SÃO JOSÉ DO RIO PRETO,354765 Santa Salete,8.00,0.00,9.00,0.00,7.00,0.00,24.00,0.00,,,,,,,,,,,,,,,,,,,
11.00,PRESIDENTE PRUDENTE,354770 Santo Anastácio,10.00,1.00,52.00,8.00,90.00,6.00,152.00,15.00,,,,,,,,,,,,,,,,,,,
1.00,GRANDE SÃO PAULO,354780 Santo André,376.00,141.00,"1,104.00",589.00,"2,361.00","1,697.00","3,841.00","2,427.00",,,,,,,,,,,,,,,,,,,
13.00,RIBEIRÃO PRETO,354790 Santo Antônio da Alegria,14.00,12.00,34.00,29.00,43.00,39.00,91.00,80.00,,,,,,,,,,,,,,,,,,,
7.00,CAMPINAS,354800 Santo Antônio de Posse,53.00,18.00,374.00,178.00,"1,029.00",109.00,"1,456.00",305.00,,,,,,,,,,,,,,,,,,,
2.00,ARAÇATUBA,354805 Santo Antônio do Aracanguá,11.00,1.00,21.00,2.00,31.00,3.00,63.00,6.00,,,,,,,,,,,,,,,,,,,
14.00,SÃO JOÃO DA BOA VISTA,354810 Santo Antônio do Jardim,17.00,11.00,103.00,56.00,154.00,119.00,274.00,186.00,,,,,,,,,,,,,,,,,,,
17.00,TAUBATÉ,354820 Santo Antônio do Pinhal,6.00,0.00,30.00,1.00,47.00,3.00,83.00,4.00,,,,,,,,,,,,,,,,,,,
11.00,PRESIDENTE PRUDENTE,354830 Santo Expedito,0.00,0.00,12.00,2.00,11.00,0.00,23.00,2.00,,,,,,,,,,,,,,,,,,,
2.00,ARAÇATUBA,354840 Santópolis do Aguapeí,7.00,0.00,23.00,1.00,28.00,2.00,58.00,3.00,,,,,,,,,,,,,,,,,,,
4.00,BAIXADA SANTISTA,354850 Santos,397.00,239.00,"1,127.00",586.00,"1,145.00",423.00,"2,669.00","1,248.00",,,,,,,,,,,,,,,,,,,
17.00,TAUBATÉ,354860 São Bento do Sapucaí,1.00,0.00,68.00,20.00,172.00,106.00,241.00,126.00,,,,,,,,,,,,,,,,,,,
1.00,GRANDE SÃO PAULO,354870 São Bernardo do Campo,461.00,69.00,"1,870.00",369.00,"1,245.00",665.00,"3,576.00","1,103.00",,,,,,,,,,,,,,,,,,,
1.00,GRANDE SÃO PAULO,354880 São Caetano do Sul,127.00,54.00,915.00,557.00,"1,825.00","1,230.00","2,867.00","1,841.00",,,,,,,,,,,,,,,,,,,
3.00,ARARAQUARA,354890 São Carlos,440.00,61.00,"1,213.00",447.00,"2,319.00",548.00,"3,972.00","1,056.00",,,,,,,,,,,,,,,,,,,
15.00,SÃO JOSÉ DO RIO PRETO,354900 São Francisco,6.00,1.00,30.00,0.00,44.00,3.00,80.00,4.00,,,,,,,,,,,,,,,,,,,
14.00,SÃO JOÃO DA BOA VISTA,354910 São João da Boa Vista,253.00,133.00,"1,339.00",888.00,"1,178.00","1,074.00","2,770.00","2,095.00",,,,,,,,,,,,,,,,,,,
15.00,SÃO JOSÉ DO RIO PRETO,354920 São João das Duas Pontes,3.00,0.00,9.00,0.00,8.00,0.00,20.00,0.00,,,,,,,,,,,,,,,,,,,
15.00,SÃO JOSÉ DO RIO PRETO,354925 São João de Iracema,2.00,0.00,8.00,0.00,3.00,0.00,13.00,0.00,,,,,,,,,,,,,,,,,,,
11.00,PRESIDENTE PRUDENTE,354930 São João do Pau d'Alho,8.00,4.00,9.00,4.00,40.00,13.00,57.00,21.00,,,,,,,,,,,,,,,,,,,
8.00,FRANCA,354940 São Joaquim da Barra,208.00,15.00,426.00,39.00,333.00,66.00,967.00,120.00,,,,,,,,,,,,,,,,,,,
8.00,FRANCA,354950 São José da Bela Vista,31.00,17.00,17.00,9.00,5.00,1.00,53.00,27.00,,,,,,,,,,,,,,,,,,,
17.00,TAUBATÉ,354960 São José do Barreiro,6.00,1.00,54.00,27.00,92.00,49.00,152.00,77.00,,,,,,,,,,,,,,,,,,,
14.00,SÃO JOÃO DA BOA VISTA,354970 São José do Rio Pardo,103.00,34.00,981.00,236.00,"2,336.00",261.00,"3,420.00",531.00,,,,,,,,,,,,,,,,,,,
15.00,SÃO JOSÉ DO RIO PRETO,354980 São José do Rio Preto,"2,024.00","1,080.00","4,673.00","2,512.00","4,256.00",763.00,"10,953.00","4,355.00",,,,,,,,,,,,,,,,,,,
17.00,TAUBATÉ,354990 São José dos Campos,"4,092.00",824.00,"14,322.00","4,873.00","34,833.00","17,216.00","53,247.00","22,913.00",,,,,,,,,,,,,,,,,,,
1.00,GRANDE SÃO PAULO,354995 São Lourenço da Serra,6.00,3.00,46.00,10.00,51.00,10.00,103.00,23.00,,,,,,,,,,,,,,,,,,,
17.00,TAUBATÉ,355000 São Luiz do Paraitinga,17.00,0.00,41.00,8.00,105.00,15.00,163.00,23.00,,,,,,,,,,,,,,,,,,,
6.00,BAURU,355010 São Manuel,491.00,343.00,"1,125.00",688.00,"1,549.00","1,087.00","3,165.00","2,118.00",,,,,,,,,,,,,,,,,,,
16.00,SOROCABA,355020 São Miguel Arcanjo,6.00,3.00,77.00,5.00,199.00,40.00,282.00,48.00,,,,,,,,,,,,,,,,,,,
1.00,GRANDE SÃO PAULO,355030 São Paulo,"23,693.00","8,061.00","112,842.00","36,699.00","208,038.00","107,805.00","344,573.00","152,565.00",,,,,,,,,,,,,,,,,,,
10.00,PIRACICABA,355040 São Pedro,38.00,6.00,203.00,65.00,264.00,104.00,505.00,175.00,,,,,,,,,,,,,,,,,,,
9.00,MARÍLIA,355050 São Pedro do Turvo,15.00,0.00,51.00,3.00,122.00,28.00,188.00,31.00,,,,,,,,,,,,,,,,,,,
16.00,SOROCABA,355060 São Roque,32.00,0.00,310.00,33.00,647.00,77.00,989.00,110.00,,,,,,,,,,,,,,,,,,,
17.00,TAUBATÉ,355070 São Sebastião,429.00,88.00,"1,592.00",414.00,"2,715.00","1,145.00","4,736.00","1,647.00",,,,,,,,,,,,,,,,,,,
14.00,SÃO JOÃO DA BOA VISTA,355080 São Sebastião da Grama,3.00,0.00,60.00,4.00,276.00,97.00,339.00,101.00,,,,,,,,,,,,,,,,,,,
13.00,RIBEIRÃO PRETO,355090 São Simão,21.00,0.00,87.00,7.00,83.00,14.00,191.00,21.00,,,,,,,,,,,,,,,,,,,
4.00,BAIXADA SANTISTA,355100 São Vicente,132.00,46.00,506.00,172.00,533.00,181.00,"1,171.00",399.00,,,,,,,,,,,,,,,,,,,
16.00,SOROCABA,355110 Sarapuí,12.00,1.00,107.00,3.00,132.00,20.00,251.00,24.00,,,,,,,,,,,,,,,,,,,
6.00,BAURU,355120 Sarutaiá,14.00,6.00,68.00,17.00,115.00,53.00,197.00,76.00,,,,,,,,,,,,,,,,,,,
15.00,SÃO JOSÉ DO RIO PRETO,355130 Sebastianópolis do Sul,18.00,0.00,9.00,1.00,18.00,1.00,45.00,2.00,,,,,,,,,,,,,,,,,,,
13.00,RIBEIRÃO PRETO,355140 Serra Azul,54.00,1.00,183.00,12.00,214.00,45.00,451.00,58.00,,,,,,,,,,,,,,,,,,,
13.00,RIBEIRÃO PRETO,355150 Serrana,153.00,101.00,"1,136.00",800.00,"2,194.00","1,990.00","3,483.00","2,891.00",,,,,,,,,,,,,,,,,,,
7.00,CAMPINAS,355160 Serra Negra,19.00,6.00,100.00,15.00,141.00,30.00,260.00,51.00,,,,,,,,,,,,,,,,,,,
13.00,RIBEIRÃO PRETO,355170 Sertãozinho,177.00,17.00,843.00,63.00,697.00,165.00,"1,717.00",245.00,,,,,,,,,,,,,,,,,,,
12.00,REGISTRO,355180 Sete Barras,115.00,68.00,185.00,91.00,244.00,111.00,544.00,270.00,,,,,,,,,,,,,,,,,,,
5.00,BARRETOS,355190 Severínia,20.00,1.00,64.00,6.00,105.00,19.00,189.00,26.00,,,,,,,,,,,,,,,,,,,
17.00,TAUBATÉ,355200 Silveiras,4.00,0.00,15.00,1.00,30.00,1.00,49.00,2.00,,,,,,,,,,,,,,,,,,,
7.00,CAMPINAS,355210 Socorro,31.00,6.00,242.00,135.00,"1,241.00",412.00,"1,514.00",553.00,,,,,,,,,,,,,,,,,,,
16.00,SOROCABA,355220 Sorocaba,"2,285.00",417.00,"7,285.00","1,885.00","12,797.00","5,485.00","22,367.00","7,787.00",,,,,,,,,,,,,,,,,,,
2.00,ARAÇATUBA,355230 Sud Mennucci,8.00,0.00,19.00,0.00,9.00,0.00,36.00,0.00,,,,,,,,,,,,,,,,,,,
7.00,CAMPINAS,355240 Sumaré,436.00,105.00,"1,891.00",382.00,"1,850.00","1,093.00","4,177.00","1,580.00",,,,,,,,,,,,,,,,,,,
1.00,GRANDE SÃO PAULO,355250 Suzano,749.00,403.00,"2,168.00","1,149.00","2,057.00","1,000.00","4,974.00","2,552.00",,,,,,,,,,,,,,,,,,,
2.00,ARAÇATUBA,355255 Suzanápolis,2.00,0.00,5.00,0.00,5.00,2.00,12.00,2.00,,,,,,,,,,,,,,,,,,,
15.00,SÃO JOSÉ DO RIO PRETO,355260 Tabapuã,66.00,35.00,192.00,108.00,262.00,184.00,520.00,327.00,,,,,,,,,,,,,,,,,,,
3.00,ARARAQUARA,355270 Tabatinga,17.00,6.00,39.00,4.00,57.00,15.00,113.00,25.00,,,,,,,,,,,,,,,,,,,
1.00,GRANDE SÃO PAULO,355280 Taboão da Serra,150.00,17.00,672.00,73.00,"1,362.00",161.00,"2,184.00",251.00,,,,,,,,,,,,,,,,,,,
11.00,PRESIDENTE PRUDENTE,355290 Taciba,7.00,3.00,30.00,0.00,20.00,0.00,57.00,3.00,,,,,,,,,,,,,,,,,,,
6.00,BAURU,355300 Taguaí,2.00,0.00,246.00,136.00,"1,051.00",694.00,"1,299.00",830.00,,,,,,,,,,,,,,,,,,,
5.00,BARRETOS,355310 Taiaçu,12.00,4.00,9.00,6.00,17.00,5.00,38.00,15.00,,,,,,,,,,,,,,,,,,,
5.00,BARRETOS,355320 Taiúva,20.00,4.00,26.00,8.00,53.00,22.00,99.00,34.00,,,,,,,,,,,,,,,,,,,
14.00,SÃO JOÃO DA BOA VISTA,355330 Tambaú,52.00,29.00,366.00,179.00,736.00,503.00,"1,154.00",711.00,,,,,,,,,,,,,,,,,,,
15.00,SÃO JOSÉ DO RIO PRETO,355340 Tanabi,92.00,10.00,209.00,14.00,170.00,8.00,471.00,32.00,,,,,,,,,,,,,,,,,,,
16.00,SOROCABA,355350 Tapiraí,0.00,0.00,8.00,0.00,25.00,1.00,33.00,1.00,,,,,,,,,,,,,,,,,,,
14.00,SÃO JOÃO DA BOA VISTA,355360 Tapiratiba,34.00,24.00,167.00,100.00,672.00,416.00,873.00,540.00,,,,,,,,,,,,,,,,,,,
5.00,BARRETOS,355365 Taquaral,22.00,7.00,55.00,15.00,98.00,34.00,175.00,56.00,,,,,,,,,,,,,,,,,,,
3.00,ARARAQUARA,355370 Taquaritinga,8.00,4.00,83.00,13.00,77.00,8.00,168.00,25.00,,,,,,,,,,,,,,,,,,,
6.00,BAURU,355380 Taquarituba,5.00,0.00,47.00,0.00,152.00,35.00,204.00,35.00,,,,,,,,,,,,,,,,,,,
16.00,SOROCABA,355385 Taquarivaí,0.00,0.00,8.00,0.00,11.00,0.00,19.00,0.00,,,,,,,,,,,,,,,,,,,
11.00,PRESIDENTE PRUDENTE,355390 Tarabaí,23.00,0.00,83.00,4.00,75.00,2.00,181.00,6.00,,,,,,,,,,,,,,,,,,,
9.00,MARÍLIA,355395 Tarumã,79.00,53.00,225.00,147.00,162.00,63.00,466.00,263.00,,,,,,,,,,,,,,,,,,,
16.00,SOROCABA,355400 Tatuí,221.00,5.00,822.00,13.00,"1,126.00",50.00,"2,169.00",68.00,,,,,,,,,,,,,,,,,,,
17.00,TAUBATÉ,355410 Taubaté,"3,069.00","1,240.00","4,567.00","2,839.00","1,193.00",970.00,"8,829.00","5,049.00",,,,,,,,,,,,,,,,,,,
6.00,BAURU,355420 Tejupá,0.00,0.00,14.00,0.00,26.00,2.00,40.00,2.00,,,,,,,,,,,,,,,,,,,
11.00,PRESIDENTE PRUDENTE,355430 Teodoro Sampaio,81.00,0.00,208.00,2.00,207.00,1.00,496.00,3.00,,,,,,,,,,,,,,,,,,,
5.00,BARRETOS,355440 Terra Roxa,10.00,7.00,26.00,14.00,12.00,4.00,48.00,25.00,,,,,,,,,,,,,,,,,,,
16.00,SOROCABA,355450 Tietê,28.00,4.00,178.00,31.00,469.00,137.00,675.00,172.00,,,,,,,,,,,,,,,,,,,
9.00,MARÍLIA,355460 Timburi,0.00,0.00,4.00,2.00,10.00,3.00,14.00,5.00,,,,,,,,,,,,,,,,,,,
6.00,BAURU,355465 Torre de Pedra,0.00,0.00,0.00,0.00,8.00,1.00,8.00,1.00,,,,,,,,,,,,,,,,,,,
6.00,BAURU,355470 Torrinha,7.00,2.00,24.00,15.00,102.00,94.00,133.00,111.00,,,,,,,,,,,,,,,,,,,
3.00,ARARAQUARA,355475 Trabiju,6.00,1.00,17.00,3.00,4.00,2.00,27.00,6.00,,,,,,,,,,,,,,,,,,,
17.00,TAUBATÉ,355480 Tremembé,875.00,502.00,"1,822.00","1,016.00",941.00,423.00,"3,638.00","1,941.00",,,,,,,,,,,,,,,,,,,
15.00,SÃO JOSÉ DO RIO PRETO,355490 Três Fronteiras,3.00,0.00,15.00,0.00,12.00,2.00,30.00,2.00,,,,,,,,,,,,,,,,,,,
7.00,CAMPINAS,355495 Tuiuti,14.00,1.00,40.00,10.00,84.00,26.00,138.00,37.00,,,,,,,,,,,,,,,,,,,
9.00,MARÍLIA,355500 Tupã,142.00,37.00,441.00,96.00,659.00,143.00,"1,242.00",276.00,,,,,,,,,,,,,,,,,,,
11.00,PRESIDENTE PRUDENTE,355510 Tupi Paulista,12.00,6.00,52.00,22.00,39.00,16.00,103.00,44.00,,,,,,,,,,,,,,,,,,,
2.00,ARAÇATUBA,355520 Turiúba,2.00,1.00,3.00,1.00,0.00,0.00,5.00,2.00,,,,,,,,,,,,,,,,,,,
15.00,SÃO JOSÉ DO RIO PRETO,355530 Turmalina,1.00,1.00,7.00,3.00,9.00,1.00,17.00,5.00,,,,,,,,,,,,,,,,,,,
15.00,SÃO JOSÉ DO RIO PRETO,355535 Ubarana,11.00,0.00,37.00,2.00,77.00,4.00,125.00,6.00,,,,,,,,,,,,,,,,,,,
17.00,TAUBATÉ,355540 Ubatuba,"1,108.00",423.00,"2,334.00",921.00,"2,182.00","1,516.00","5,624.00","2,860.00",,,,,,,,,,,,,,,,,,,
9.00,MARÍLIA,355550 Ubirajara,5.00,0.00,10.00,3.00,27.00,19.00,42.00,22.00,,,,,,,,,,,,,,,,,,,
15.00,SÃO JOSÉ DO RIO PRETO,355560 Uchoa,26.00,5.00,70.00,6.00,75.00,5.00,171.00,16.00,,,,,,,,,,,,,,,,,,,
15.00,SÃO JOSÉ DO RIO PRETO,355570 União Paulista,7.00,0.00,12.00,0.00,11.00,1.00,30.00,1.00,,,,,,,,,,,,,,,,,,,
15.00,SÃO JOSÉ DO RIO PRETO,355580 Urânia,11.00,3.00,43.00,5.00,29.00,4.00,83.00,12.00,,,,,,,,,,,,,,,,,,,
6.00,BAURU,355590 Uru,2.00,0.00,8.00,2.00,4.00,1.00,14.00,3.00,,,,,,,,,,,,,,,,,,,
15.00,SÃO JOSÉ DO RIO PRETO,355600 Urupês,6.00,2.00,26.00,12.00,103.00,54.00,135.00,68.00,,,,,,,,,,,,,,,,,,,
15.00,SÃO JOSÉ DO RIO PRETO,355610 Valentim Gentil,39.00,3.00,66.00,4.00,106.00,24.00,211.00,31.00,,,,,,,,,,,,,,,,,,,
7.00,CAMPINAS,355620 Valinhos,708.00,223.00,"2,217.00",788.00,"2,448.00","1,357.00","5,373.00","2,368.00",,,,,,,,,,,,,,,,,,,
2.00,ARAÇATUBA,355630 Valparaíso,17.00,0.00,82.00,8.00,76.00,5.00,175.00,13.00,,,,,,,,,,,,,,,,,,,
7.00,CAMPINAS,355635 Vargem,23.00,2.00,195.00,91.00,188.00,33.00,406.00,126.00,,,,,,,,,,,,,,,,,,,
14.00,SÃO JOÃO DA BOA VISTA,355640 Vargem Grande do Sul,339.00,284.00,"1,492.00",893.00,677.00,285.00,"2,508.00","1,462.00",,,,,,,,,,,,,,,,,,,
1.00,GRANDE SÃO PAULO,355645 Vargem Grande Paulista,52.00,15.00,309.00,65.00,315.00,51.00,676.00,131.00,,,,,,,,,,,,,,,,,,,
7.00,CAMPINAS,355650 Várzea Paulista,214.00,91.00,965.00,326.00,"1,373.00",624.00,"2,552.00","1,041.00",,,,,,,,,,,,,,,,,,,
9.00,MARÍLIA,355660 Vera Cruz,33.00,5.00,128.00,19.00,135.00,36.00,296.00,60.00,,,,,,,,,,,,,,,,,,,
7.00,CAMPINAS,355670 Vinhedo,204.00,18.00,875.00,121.00,"1,133.00",731.00,"2,212.00",870.00,,,,,,,,,,,,,,,,,,,
5.00,BARRETOS,355680 Viradouro,53.00,9.00,90.00,25.00,123.00,62.00,266.00,96.00,,,,,,,,,,,,,,,,,,,
5.00,BARRETOS,355690 Vista Alegre do Alto,10.00,5.00,66.00,39.00,250.00,118.00,326.00,162.00,,,,,,,,,,,,,,,,,,,
15.00,SÃO JOSÉ DO RIO PRETO,355695 Vitória Brasil,1.00,0.00,2.00,2.00,5.00,0.00,8.00,2.00,,,,,,,,,,,,,,,,,,,
16.00,SOROCABA,355700 Votorantim,665.00,288.00,"1,744.00",748.00,"2,288.00","1,206.00","4,697.00","2,242.00",,,,,,,,,,,,,,,,,,,
15.00,SÃO JOSÉ DO RIO PRETO,355710 Votuporanga,"1,204.00",603.00,"2,486.00",860.00,"2,982.00",608.00,"6,672.00","2,071.00",,,,,,,,,,,,,,,,,,,
15.00,SÃO JOSÉ DO RIO PRETO,355715 Zacarias,3.00,1.00,8.00,1.00,11.00,0.00,22.00,2.00,,,,,,,,,,,,,,,,,,,
9.00,MARÍLIA,355720 Chavantes,23.00,11.00,72.00,14.00,62.00,46.00,157.00,71.00,,,,,,,,,,,,,,,,,,,
14.00,SÃO JOÃO DA BOA VISTA,355730 Estiva Gerbi,7.00,0.00,37.00,4.00,48.00,16.00,92.00,20.00,,,,,,,,,,,,,,,,,,,
