Distribuição dos casos  autóctones de dengue segundo o município de residência, por semana epidemiológica de início de sintomas, ESP, 2024;;;;;;;;;;;;;;;;;;;;
;;;;;;;;;;;;;;;;;;;;
DRS;;GVE;;RS;;MUNICÍPIO DE RESIDÊNCIA;SE 01;SE 02;SE 03;SE 04;SE 05;SE 06;SE 07;SE 08;SE 09;SE 10;SE 11;SE 12;SE 13;Total
;;;;;;;;;;;;;;;;;;;;
9;MARÍLIA;19;MARILIA;35091;ADAMANTINA ;350010 Adamantina;1;1;0;4;5;2;13;11;8;13;6;2;2;68
15;SÃO JOSÉ DO RIO PRETO;29;SAO JOSE DO RIO PRETO;35156;JOSÉ BONIFÁCIO;350020 Adolfo;0;0;0;0;0;1;2;0;0;0;2;0;1;6
14;SÃO JOÃO DA BOA VISTA;26;SAO JOAO DA BOA VISTA;35142;MANTIQUEIRA;350030 Aguaí;0;0;1;4;1;1;2;9;5;7;12;14;10;66
14;SÃO JOÃO DA BOA VISTA;26;SAO JOAO DA BOA VISTA;35142;MANTIQUEIRA;350040 Águas da Prata;0;0;0;0;2;1;3;7;1;5;6;19;29;73
7;CAMPINAS;17;CAMPINAS;35074;CIRCUITO DAS AGUAS;350050 Águas de Lindóia;0;0;0;1;8;4;15;27;35;32;59;68;77;326
6;BAURU;16;BOTUCATU;35061;VALE DO JURUMIRIM;350055 Águas de Santa Bárbara;0;0;0;0;2;4;1;0;4;8;10;14;4;47
10;PIRACICABA;20;PIRACICABA;35103;PIRACICABA;350060 Águas de São Pedro;0;0;0;0;1;1;2;3;4;4;8;6;6;35
6;BAURU;15;BAURU;35062;BAURU;350070 Agudos;3;4;1;2;4;5;8;3;17;30;26;18;10;131
16;SOROCABA;31;SOROCABA;35161;ITAPETININGA;350075 Alambari;0;0;0;0;1;0;3;3;2;7;4;7;5;32
11;PRESIDENTE PRUDENTE;21;PRESIDENTE PRUDENTE;35112;ALTA SOROCABANA;350080 Alfredo Marcondes;0;0;0;0;0;0;0;0;0;1;0;1;0;2
5;BARRETOS;14;BARRETOS;35051;NORTE-BARRETOS;350090 Altair;0;0;0;0;4;2;5;1;1;1;1;1;0;16
13;RIBEIRÃO PRETO;24;RIBEIRAO PRETO;35133;VALE DAS CACHOEIRAS;350100 Altinópolis;1;0;0;1;3;0;3;10;8;9;13;16;27;91
2;ARAÇATUBA;11;ARACATUBA;35023;CONSÓRCIOS DO DRS II;350110 Alto Alegre;0;0;0;0;0;0;1;0;0;0;0;1;0;2
16;SOROCABA;31;SOROCABA;35163;SOROCABA;350115 Alumínio;1;0;2;3;3;0;7;8;18;14;12;5;8;81
15;SÃO JOSÉ DO RIO PRETO;29;SAO JOSE DO RIO PRETO;35157;VOTUPORANGA;350120 Álvares Florence;2;0;0;0;1;3;1;0;3;0;5;1;4;20
11;PRESIDENTE PRUDENTE;21;PRESIDENTE PRUDENTE;35112;ALTA SOROCABANA;350130 Álvares Machado;0;0;0;0;1;2;0;2;5;1;0;0;0;11
9;MARÍLIA;19;MARILIA;35093;MARÍLIA;350140 Álvaro de Carvalho;0;0;0;1;2;2;0;1;3;0;0;0;0;9
9;MARÍLIA;19;MARILIA;35093;MARÍLIA;350150 Alvinlândia;1;0;0;0;1;1;1;0;0;3;0;1;2;10
7;CAMPINAS;17;CAMPINAS;35072;REG METRO CAMPINAS;350160 Americana;5;4;8;11;19;37;47;68;87;73;98;120;136;713
3;ARARAQUARA;12;ARARAQUARA;35031;CENTRAL DO DRS III;350170 Américo Brasiliense;0;2;4;0;3;6;14;9;2;3;1;21;7;72
15;SÃO JOSÉ DO RIO PRETO;29;SAO JOSE DO RIO PRETO;35157;VOTUPORANGA;350180 Américo de Campos;0;2;2;0;0;2;5;2;7;2;2;3;4;31
7;CAMPINAS;17;CAMPINAS;35074;CIRCUITO DAS AGUAS;350190 Amparo;4;1;3;6;6;12;10;13;12;27;43;34;27;198
10;PIRACICABA;20;PIRACICABA;35104;RIO CLARO;350200 Analândia;1;2;1;6;10;31;44;51;60;63;81;73;58;481
2;ARAÇATUBA;11;ARACATUBA;35022;LAGOS DO DRS II;350210 Andradina;0;1;0;2;1;1;1;2;0;6;5;3;0;22
16;SOROCABA;31;SOROCABA;35161;ITAPETININGA;350220 Angatuba;0;0;0;0;0;0;4;4;9;8;12;24;35;96
6;BAURU;16;BOTUCATU;35063;POLO CUESTA;350230 Anhembi;0;0;0;0;0;1;1;0;0;7;7;5;7;28
11;PRESIDENTE PRUDENTE;21;PRESIDENTE PRUDENTE;35112;ALTA SOROCABANA;350240 Anhumas;0;0;0;0;0;0;0;2;0;0;0;0;1;3
17;TAUBATÉ;33;TAUBATE;35172;CIRCUITO DA FÉ - VALE HISTÓRICO;350250 Aparecida;0;0;4;6;14;14;32;44;32;25;29;28;23;251
15;SÃO JOSÉ DO RIO PRETO;30;JALES;35153;JALES;350260 Aparecida d'Oeste;0;0;0;0;0;0;0;0;0;1;0;2;0;3
16;SOROCABA;32;ITAPEVA;35162;ITAPEVA;350270 Apiaí;0;0;0;1;0;0;1;1;5;8;2;12;18;48
16;SOROCABA;31;SOROCABA;35163;SOROCABA;350275 Araçariguama;1;3;9;5;1;4;10;8;27;13;28;32;29;170
2;ARAÇATUBA;11;ARACATUBA;35021;CENTRAL DO DRS II;350280 Araçatuba;5;5;3;10;6;14;25;29;21;22;20;24;20;204
16;SOROCABA;31;SOROCABA;35163;SOROCABA;350290 Araçoiaba da Serra;0;2;3;4;2;6;7;5;14;6;7;11;19;86
8;FRANCA;18;FRANCA;35083;ALTA MOGIANA;350300 Aramina;0;0;0;0;0;0;2;0;3;4;1;3;1;14
6;BAURU;16;BOTUCATU;35061;VALE DO JURUMIRIM;350310 Arandu;0;0;0;0;0;0;0;0;0;2;5;8;28;43
17;TAUBATÉ;33;TAUBATE;35172;CIRCUITO DA FÉ - VALE HISTÓRICO;350315 Arapeí;0;0;0;0;0;1;1;1;6;16;8;13;20;66
3;ARARAQUARA;12;ARARAQUARA;35031;CENTRAL DO DRS III;350320 Araraquara;6;8;20;14;15;22;27;32;34;36;57;85;58;414
10;PIRACICABA;20;PIRACICABA;35101;ARARAS;350330 Araras;1;0;4;9;5;8;20;20;24;39;50;38;34;252
9;MARÍLIA;19;MARILIA;35095;TUPÃ;350335 Arco-Íris;0;0;0;1;0;0;1;0;1;0;0;0;0;3
6;BAURU;15;BAURU;35062;BAURU;350340 Arealva;2;1;7;10;5;9;14;20;25;23;20;15;13;164
17;TAUBATÉ;33;TAUBATE;35172;CIRCUITO DA FÉ - VALE HISTÓRICO;350350 Areias;0;0;0;0;1;0;0;3;1;0;3;1;3;12
6;BAURU;16;BOTUCATU;35063;POLO CUESTA;350360 Areiópolis;1;0;0;1;1;1;1;11;7;11;25;43;36;138
15;SÃO JOSÉ DO RIO PRETO;29;SAO JOSE DO RIO PRETO;35151;CATANDUVA;350370 Ariranha;8;9;18;24;29;31;54;52;84;88;91;67;24;579
7;CAMPINAS;17;CAMPINAS;35072;REG METRO CAMPINAS;350380 Artur Nogueira;2;4;12;15;19;17;22;43;38;41;53;76;88;430
1;GRANDE SÃO PAULO;8;MOGI DAS CRUZES;35011;ALTO DO TIETÊ;350390 Arujá;3;1;3;7;11;17;31;37;43;34;59;56;12;314
15;SÃO JOSÉ DO RIO PRETO;30;JALES;35153;JALES;350395 Aspásia;0;0;0;0;1;0;0;0;0;0;1;0;0;2
9;MARÍLIA;13;ASSIS;35092;ASSIS;350400 Assis;25;31;70;64;67;93;87;37;6;1;4;18;215;718
7;CAMPINAS;17;CAMPINAS;35071;BRAGANÇA;350410 Atibaia;12;26;28;36;101;175;219;277;321;373;345;404;299;2616
2;ARAÇATUBA;11;ARACATUBA;35021;CENTRAL DO DRS II;350420 Auriflama;1;0;0;0;0;0;0;0;0;0;0;0;0;1
6;BAURU;15;BAURU;35062;BAURU;350430 Avaí;0;0;0;0;0;0;0;1;0;0;1;0;0;2
2;ARAÇATUBA;11;ARACATUBA;35023;CONSÓRCIOS DO DRS II;350440 Avanhandava;0;0;1;2;0;0;0;0;1;5;6;5;4;24
6;BAURU;16;BOTUCATU;35061;VALE DO JURUMIRIM;350450 Avaré;5;4;8;25;16;14;46;27;57;74;80;149;106;611
15;SÃO JOSÉ DO RIO PRETO;29;SAO JOSE DO RIO PRETO;35155;SÃO JOSÉ DO RIO PRETO;350460 Bady Bassitt;2;2;0;1;3;4;7;11;14;3;6;13;8;74
6;BAURU;15;BAURU;35062;BAURU;350470 Balbinos;0;0;0;0;0;0;0;0;1;1;8;2;1;13
15;SÃO JOSÉ DO RIO PRETO;29;SAO JOSE DO RIO PRETO;35155;SÃO JOSÉ DO RIO PRETO;350480 Bálsamo;0;1;1;1;2;2;0;4;3;5;4;2;0;25
17;TAUBATÉ;33;TAUBATE;35172;CIRCUITO DA FÉ - VALE HISTÓRICO;350490 Bananal;0;0;4;6;4;3;17;17;23;22;19;67;71;253
6;BAURU;16;BOTUCATU;35061;VALE DO JURUMIRIM;350500 Barão de Antonina;0;0;0;0;0;0;0;0;0;0;0;0;0;0
2;ARAÇATUBA;11;ARACATUBA;35023;CONSÓRCIOS DO DRS II;350510 Barbosa;0;0;0;0;0;0;0;1;0;1;0;0;0;2
6;BAURU;15;BAURU;35064;JAU;350520 Bariri;67;112;125;331;367;358;337;373;261;164;179;140;52;2866
6;BAURU;15;BAURU;35064;JAU;350530 Barra Bonita;1;1;1;3;7;3;3;8;8;12;6;18;6;77
16;SOROCABA;32;ITAPEVA;35162;ITAPEVA;350535 Barra do Chapéu;0;0;0;0;0;0;1;0;1;1;1;4;6;14
12;REGISTRO;23;REGISTRO;35121;VALE DO RIBEIRA;350540 Barra do Turvo;0;0;0;0;0;1;3;4;10;8;9;22;7;64
5;BARRETOS;14;BARRETOS;35051;NORTE-BARRETOS;350550 Barretos;2;4;10;22;24;49;76;76;97;112;144;170;110;896
13;RIBEIRÃO PRETO;24;RIBEIRAO PRETO;35131;HORIZONTE VERDE;350560 Barrinha;0;2;8;3;11;17;17;41;30;15;7;6;5;162
1;GRANDE SÃO PAULO;10;OSASCO;35014;ROTA DOS BANDEIRANTES;350570 Barueri;0;1;1;10;10;16;58;76;74;60;65;39;7;417
9;MARÍLIA;19;MARILIA;35095;TUPÃ;350580 Bastos;1;0;0;1;0;0;2;1;1;7;6;0;1;20
13;RIBEIRÃO PRETO;24;RIBEIRAO PRETO;35133;VALE DAS CACHOEIRAS;350590 Batatais;14;16;24;47;91;119;143;163;115;90;62;8;0;892
6;BAURU;15;BAURU;35062;BAURU;350600 Bauru;23;41;64;134;185;289;297;271;191;241;323;350;10;2419
5;BARRETOS;14;BARRETOS;35052;SUL-BARRETOS;350610 Bebedouro;41;122;298;258;332;321;530;488;359;101;22;17;14;2903
2;ARAÇATUBA;11;ARACATUBA;35021;CENTRAL DO DRS II;350620 Bento de Abreu;0;0;0;0;0;0;0;0;0;2;0;0;0;2
9;MARÍLIA;13;ASSIS;35094;OURINHOS;350630 Bernardino de Campos;0;5;4;4;14;25;30;43;63;81;75;32;0;376
4;BAIXADA SANTISTA;25;SANTOS;35041;BAIXADA SANTISTA;350635 Bertioga;90;104;92;158;202;172;61;75;120;146;148;74;80;1522
2;ARAÇATUBA;11;ARACATUBA;35021;CENTRAL DO DRS II;350640 Bilac;0;0;0;0;0;0;0;2;1;0;0;0;1;4
2;ARAÇATUBA;11;ARACATUBA;35023;CONSÓRCIOS DO DRS II;350650 Birigui;10;23;15;36;45;63;95;145;174;101;114;98;42;961
1;GRANDE SÃO PAULO;8;MOGI DAS CRUZES;35011;ALTO DO TIETÊ;350660 Biritiba Mirim;0;3;2;0;5;5;2;7;15;13;60;90;128;330
3;ARARAQUARA;12;ARARAQUARA;35031;CENTRAL DO DRS III;350670 Boa Esperança do Sul;1;0;0;0;1;1;1;3;2;1;1;1;4;16
6;BAURU;15;BAURU;35064;JAU;350680 Bocaina;0;0;0;0;1;1;2;5;2;1;1;8;1;22
6;BAURU;16;BOTUCATU;35063;POLO CUESTA;350690 Bofete;0;1;1;1;0;3;2;2;2;6;5;3;0;26
16;SOROCABA;31;SOROCABA;35163;SOROCABA;350700 Boituva;9;12;17;26;14;28;40;47;52;111;145;257;234;992
7;CAMPINAS;17;CAMPINAS;35071;BRAGANÇA;350710 Bom Jesus dos Perdões;1;1;4;6;2;7;5;12;15;18;25;24;21;141
16;SOROCABA;32;ITAPEVA;35162;ITAPEVA;350715 Bom Sucesso de Itararé;0;0;0;0;0;0;0;0;0;0;0;0;0;0
9;MARÍLIA;13;ASSIS;35092;ASSIS;350720 Borá;0;0;0;0;0;0;0;0;0;0;2;1;4;7
6;BAURU;15;BAURU;35064;JAU;350730 Boracéia;35;7;14;13;7;39;40;25;10;36;33;21;5;285
3;ARARAQUARA;12;ARARAQUARA;35033;NOROESTE DRS III;350740 Borborema;5;8;6;11;13;7;18;19;18;27;12;16;11;171
6;BAURU;15;BAURU;35062;BAURU;350745 Borebi;0;0;0;0;0;0;0;0;0;0;1;0;0;1
6;BAURU;16;BOTUCATU;35063;POLO CUESTA;350750 Botucatu;105;120;167;280;185;211;426;485;535;754;966;1263;1096;6593
7;CAMPINAS;17;CAMPINAS;35071;BRAGANÇA;350760 Bragança Paulista;37;56;214;269;354;479;572;523;507;400;254;190;47;3902
2;ARAÇATUBA;11;ARACATUBA;35023;CONSÓRCIOS DO DRS II;350770 Braúna;0;1;1;1;0;0;0;1;3;0;0;0;0;7
2;ARAÇATUBA;11;ARACATUBA;35023;CONSÓRCIOS DO DRS II;350775 Brejo Alegre;0;0;0;0;0;0;0;0;0;0;0;0;0;0
13;RIBEIRÃO PRETO;24;RIBEIRAO PRETO;35133;VALE DAS CACHOEIRAS;350780 Brodowski;215;192;234;254;260;230;199;152;127;128;50;39;39;2119
6;BAURU;15;BAURU;35064;JAU;350790 Brotas;1;2;6;7;11;17;29;31;43;28;48;68;27;318
16;SOROCABA;32;ITAPEVA;35162;ITAPEVA;350800 Buri;0;0;5;1;3;1;4;9;7;12;6;13;16;77
2;ARAÇATUBA;11;ARACATUBA;35023;CONSÓRCIOS DO DRS II;350810 Buritama;0;0;0;0;0;1;0;0;4;2;1;1;3;12
8;FRANCA;18;FRANCA;35083;ALTA MOGIANA;350820 Buritizal;0;0;0;0;0;0;0;0;0;0;4;0;0;4
6;BAURU;15;BAURU;35062;BAURU;350830 Cabrália Paulista;0;0;0;0;0;0;0;0;0;0;0;0;0;0
7;CAMPINAS;17;CAMPINAS;35073;JUNDIAÍ;350840 Cabreúva;0;2;2;5;13;14;37;64;62;47;38;29;13;326
17;TAUBATÉ;27;SAO JOSE DOS CAMPOS;35171;ALTO VALE DO PARAÍBA;350850 Caçapava;1;3;3;6;9;11;44;47;95;173;241;417;396;1446
17;TAUBATÉ;33;TAUBATE;35172;CIRCUITO DA FÉ - VALE HISTÓRICO;350860 Cachoeira Paulista;1;0;3;1;4;9;14;10;11;5;9;21;35;123
14;SÃO JOÃO DA BOA VISTA;26;SAO JOAO DA BOA VISTA;35143;RIO PARDO;350870 Caconde;0;0;0;0;1;2;2;8;2;21;41;65;69;211
6;BAURU;15;BAURU;35065;LINS;350880 Cafelândia;0;1;2;0;5;5;5;8;20;20;15;15;8;104
11;PRESIDENTE PRUDENTE;21;PRESIDENTE PRUDENTE;35112;ALTA SOROCABANA;350890 Caiabu;0;0;0;0;0;0;0;1;2;1;6;5;13;28
1;GRANDE SÃO PAULO;9;FRANCO DA ROCHA;35012;FRANCO DA ROCHA;350900 Caieiras;6;11;42;34;54;67;74;96;86;71;35;36;11;623
11;PRESIDENTE PRUDENTE;22;PRESIDENTE VENCESLAU;35114;EXTREMO OESTE PAULISTA;350910 Caiuá;0;0;0;0;0;0;0;0;1;0;0;0;0;1
1;GRANDE SÃO PAULO;9;FRANCO DA ROCHA;35012;FRANCO DA ROCHA;350920 Cajamar;1;1;4;4;9;9;18;29;47;47;76;95;92;432
12;REGISTRO;23;REGISTRO;35121;VALE DO RIBEIRA;350925 Cajati;0;0;1;0;5;2;0;2;10;6;3;1;3;33
5;BARRETOS;14;BARRETOS;35051;NORTE-BARRETOS;350930 Cajobi;0;0;1;0;1;0;0;0;1;3;1;5;1;13
13;RIBEIRÃO PRETO;24;RIBEIRAO PRETO;35133;VALE DAS CACHOEIRAS;350940 Cajuru;0;0;0;0;0;0;0;1;0;0;0;0;0;1
16;SOROCABA;31;SOROCABA;35161;ITAPETININGA;350945 Campina do Monte Alegre;0;0;0;0;0;1;4;5;3;6;8;15;24;66
7;CAMPINAS;17;CAMPINAS;35072;REG METRO CAMPINAS;350950 Campinas;396;640;897;1.220;1.491;1983;2814;3855;4348;5212;6323;7457;6466;43102
7;CAMPINAS;17;CAMPINAS;35073;JUNDIAÍ;350960 Campo Limpo Paulista;2;4;2;10;11;13;33;31;16;14;6;31;110;283
17;TAUBATÉ;33;TAUBATE;35174;V. PARAÍBA-REG. SERRANA;350970 Campos do Jordão;0;0;0;0;0;0;1;0;0;1;0;1;0;3
9;MARÍLIA;19;MARILIA;35093;MARÍLIA;350980 Campos Novos Paulista;0;0;0;0;0;1;0;0;0;0;0;0;0;1
12;REGISTRO;23;REGISTRO;35121;VALE DO RIBEIRA;350990 Cananéia;0;0;0;0;3;1;3;3;9;18;54;69;121;281
17;TAUBATÉ;33;TAUBATE;35172;CIRCUITO DA FÉ - VALE HISTÓRICO;350995 Canas;0;0;0;0;0;2;7;5;5;3;8;4;3;37
9;MARÍLIA;13;ASSIS;35092;ASSIS;351000 Cândido Mota;4;3;10;7;25;17;24;28;47;35;55;41;40;336
3;ARARAQUARA;12;ARARAQUARA;35033;NOROESTE DRS III;351010 Cândido Rodrigues;0;0;0;1;0;0;0;0;4;0;0;0;0;5
9;MARÍLIA;13;ASSIS;35094;OURINHOS;351015 Canitar;0;0;0;0;0;1;1;2;3;0;4;1;0;12
16;SOROCABA;31;SOROCABA;35161;ITAPETININGA;351020 Capão Bonito;0;0;0;0;0;1;2;3;2;4;9;9;7;37
16;SOROCABA;31;SOROCABA;35163;SOROCABA;351030 Capela do Alto;0;0;0;1;4;0;1;14;19;20;41;45;53;198
10;PIRACICABA;20;PIRACICABA;35103;PIRACICABA;351040 Capivari;20;21;30;19;31;52;84;71;57;12;22;9;11;439
17;TAUBATÉ;28;CARAGUATATUBA;35173;LITORAL NORTE;351050 Caraguatatuba;24;19;12;30;25;51;74;111;326;414;483;583;396;2548
1;GRANDE SÃO PAULO;10;OSASCO;35014;ROTA DOS BANDEIRANTES;351060 Carapicuíba;1;2;2;6;7;11;26;34;31;51;101;139;30;441
15;SÃO JOSÉ DO RIO PRETO;29;SAO JOSE DO RIO PRETO;35157;VOTUPORANGA;351070 Cardoso;0;0;1;2;4;5;5;1;1;5;6;2;0;32
14;SÃO JOÃO DA BOA VISTA;26;SAO JOAO DA BOA VISTA;35143;RIO PARDO;351080 Casa Branca;2;9;12;18;29;29;47;52;58;61;106;102;111;636
13;RIBEIRÃO PRETO;24;RIBEIRAO PRETO;35133;VALE DAS CACHOEIRAS;351090 Cássia dos Coqueiros;0;1;0;0;0;1;3;1;3;8;3;3;1;24
2;ARAÇATUBA;11;ARACATUBA;35022;LAGOS DO DRS II;351100 Castilho;0;1;2;2;1;4;4;5;1;1;2;0;0;23
15;SÃO JOSÉ DO RIO PRETO;29;SAO JOSE DO RIO PRETO;35151;CATANDUVA;351110 Catanduva;27;31;73;71;127;147;167;181;193;204;119;95;38;1473
15;SÃO JOSÉ DO RIO PRETO;29;SAO JOSE DO RIO PRETO;35151;CATANDUVA;351120 Catiguá;1;1;6;14;10;11;19;19;26;9;25;17;1;159
15;SÃO JOSÉ DO RIO PRETO;29;SAO JOSE DO RIO PRETO;35155;SÃO JOSÉ DO RIO PRETO;351130 Cedral;2;2;2;2;2;2;0;2;3;1;1;6;2;27
6;BAURU;16;BOTUCATU;35061;VALE DO JURUMIRIM;351140 Cerqueira César;0;0;0;0;0;3;4;2;2;6;8;3;9;37
16;SOROCABA;31;SOROCABA;35161;ITAPETININGA;351150 Cerquilho;0;0;1;0;1;3;3;9;12;11;15;23;14;92
16;SOROCABA;31;SOROCABA;35161;ITAPETININGA;351160 Cesário Lange;0;0;0;1;2;0;1;3;4;15;12;11;23;72
10;PIRACICABA;20;PIRACICABA;35103;PIRACICABA;351170 Charqueada;0;0;1;1;5;4;17;18;14;18;18;11;13;120
2;ARAÇATUBA;11;ARACATUBA;35023;CONSÓRCIOS DO DRS II;351190 Clementina;0;0;0;0;1;0;0;0;4;2;0;0;0;7
5;BARRETOS;14;BARRETOS;35051;NORTE-BARRETOS;351200 Colina;17;22;40;64;51;22;18;32;58;57;54;52;35;522
5;BARRETOS;14;BARRETOS;35051;NORTE-BARRETOS;351210 Colômbia;0;0;0;0;2;0;1;4;3;0;0;0;1;11
10;PIRACICABA;20;PIRACICABA;35101;ARARAS;351220 Conchal;0;0;1;1;0;2;0;2;0;5;6;5;2;24
6;BAURU;16;BOTUCATU;35063;POLO CUESTA;351230 Conchas;1;0;0;1;2;3;3;2;9;9;3;9;4;46
10;PIRACICABA;20;PIRACICABA;35102;LIMEIRA;351240 Cordeirópolis;0;0;1;2;3;0;3;6;8;7;20;10;9;69
2;ARAÇATUBA;11;ARACATUBA;35023;CONSÓRCIOS DO DRS II;351250 Coroados;0;0;1;1;1;2;0;0;2;1;0;2;0;10
6;BAURU;16;BOTUCATU;35061;VALE DO JURUMIRIM;351260 Coronel Macedo;0;0;2;2;1;2;4;10;10;15;20;5;10;81
10;PIRACICABA;20;PIRACICABA;35104;RIO CLARO;351270 Corumbataí;0;0;0;0;0;0;0;0;0;2;2;2;1;7
7;CAMPINAS;17;CAMPINAS;35072;REG METRO CAMPINAS;351280 Cosmópolis;3;2;1;5;12;11;26;16;57;48;27;63;16;287
15;SÃO JOSÉ DO RIO PRETO;29;SAO JOSE DO RIO PRETO;35157;VOTUPORANGA;351290 Cosmorama;1;0;1;2;0;2;1;3;5;2;5;4;1;27
1;GRANDE SÃO PAULO;10;OSASCO;35013;MANANCIAIS;351300 Cotia;12;18;23;92;92;132;162;208;166;177;280;249;178;1789
13;RIBEIRÃO PRETO;24;RIBEIRAO PRETO;35132;AQUÍFERO GUARANI;351310 Cravinhos;39;77;72;83;59;37;67;158;148;146;116;104;106;1212
8;FRANCA;18;FRANCA;35081;TRÊS COLINAS;351320 Cristais Paulista;1;3;7;15;23;10;17;8;16;25;15;0;0;140
9;MARÍLIA;13;ASSIS;35092;ASSIS;351330 Cruzália;0;0;0;1;0;1;0;5;1;2;1;4;2;17
17;TAUBATÉ;33;TAUBATE;35172;CIRCUITO DA FÉ - VALE HISTÓRICO;351340 Cruzeiro;2;2;4;6;14;14;27;32;24;42;28;5;0;200
4;BAIXADA SANTISTA;25;SANTOS;35041;BAIXADA SANTISTA;351350 Cubatão;4;4;0;0;5;2;2;3;4;5;3;0;0;32
17;TAUBATÉ;33;TAUBATE;35172;CIRCUITO DA FÉ - VALE HISTÓRICO;351360 Cunha;2;0;0;3;1;5;6;6;11;12;14;21;20;101
3;ARARAQUARA;12;ARARAQUARA;35032;CORAÇÃO DO DRS III;351370 Descalvado;1;0;0;0;1;8;6;19;33;40;61;68;118;355
1;GRANDE SÃO PAULO;7;SANTO ANDRE;35015;GRANDE ABC;351380 Diadema;8;19;25;37;56;87;108;196;227;214;188;177;55;1397
15;SÃO JOSÉ DO RIO PRETO;30;JALES;35153;JALES;351385 Dirce Reis;0;0;0;1;0;2;0;2;2;1;1;0;0;9
14;SÃO JOÃO DA BOA VISTA;26;SAO JOAO DA BOA VISTA;35143;RIO PARDO;351390 Divinolândia;0;0;0;0;0;1;0;0;0;4;4;6;1;16
3;ARARAQUARA;12;ARARAQUARA;35033;NOROESTE DRS III;351400 Dobrada;0;0;0;0;0;1;5;1;5;1;4;6;1;24
6;BAURU;15;BAURU;35064;JAU;351410 Dois Córregos;89;73;150;244;224;300;205;241;169;207;154;97;54;2207
15;SÃO JOSÉ DO RIO PRETO;30;JALES;35153;JALES;351420 Dolcinópolis;0;0;0;0;0;0;0;1;0;0;1;1;0;3
3;ARARAQUARA;12;ARARAQUARA;35032;CORAÇÃO DO DRS III;351430 Dourado;0;0;0;0;0;1;2;2;2;1;7;5;5;25
11;PRESIDENTE PRUDENTE;22;PRESIDENTE VENCESLAU;35111;ALTA PAULISTA;351440 Dracena;0;0;3;7;2;6;15;9;12;4;8;1;4;71
6;BAURU;15;BAURU;35062;BAURU;351450 Duartina;1;0;0;0;0;1;0;1;3;0;1;7;3;17
13;RIBEIRÃO PRETO;24;RIBEIRAO PRETO;35131;HORIZONTE VERDE;351460 Dumont;3;6;20;26;37;41;52;55;20;27;21;13;4;325
9;MARÍLIA;19;MARILIA;35093;MARÍLIA;351470 Echaporã;0;0;0;0;4;4;1;2;2;0;2;1;0;16
12;REGISTRO;23;REGISTRO;35121;VALE DO RIBEIRA;351480 Eldorado;0;0;0;0;5;8;13;10;5;10;25;49;53;178
10;PIRACICABA;20;PIRACICABA;35103;PIRACICABA;351490 Elias Fausto;0;1;0;2;3;6;8;12;13;7;14;10;12;88
15;SÃO JOSÉ DO RIO PRETO;29;SAO JOSE DO RIO PRETO;35151;CATANDUVA;351492 Elisiário;1;0;0;2;2;4;12;18;22;17;36;27;10;151
15;SÃO JOSÉ DO RIO PRETO;29;SAO JOSE DO RIO PRETO;35151;CATANDUVA;351495 Embaúba;1;0;0;5;1;0;1;1;2;3;5;2;1;22
1;GRANDE SÃO PAULO;10;OSASCO;35013;MANANCIAIS;351500 Embu das Artes;5;7;13;25;29;49;45;85;120;153;84;62;42;719
1;GRANDE SÃO PAULO;10;OSASCO;35013;MANANCIAIS;351510 Embu-Guaçu;0;1;4;8;9;18;10;27;48;83;67;57;72;404
11;PRESIDENTE PRUDENTE;21;PRESIDENTE PRUDENTE;35112;ALTA SOROCABANA;351512 Emilianópolis;0;0;0;0;0;1;0;0;0;0;0;0;0;1
10;PIRACICABA;20;PIRACICABA;35102;LIMEIRA;351515 Engenheiro Coelho;0;0;0;2;4;5;3;0;13;5;8;10;8;58
14;SÃO JOÃO DA BOA VISTA;26;SAO JOAO DA BOA VISTA;35142;MANTIQUEIRA;351518 Espírito Santo do Pinhal;3;5;9;14;19;42;70;77;83;138;70;136;63;729
9;MARÍLIA;13;ASSIS;35094;OURINHOS;351519 Espírito Santo do Turvo;0;0;0;1;0;0;0;0;0;0;2;3;1;7
15;SÃO JOSÉ DO RIO PRETO;30;JALES;35154;FERNANDÓPOLIS;351520 Estrela d'Oeste;0;0;0;0;0;0;1;1;1;2;2;0;1;8
11;PRESIDENTE PRUDENTE;21;PRESIDENTE PRUDENTE;35112;ALTA SOROCABANA;351530 Estrela do Norte;0;0;0;1;0;2;2;1;1;2;0;0;1;10
11;PRESIDENTE PRUDENTE;22;PRESIDENTE VENCESLAU;35115;PONTAL DO PARANAPANEMA;351535 Euclides da Cunha Paulista;0;0;0;0;0;0;0;0;2;0;1;0;0;3
6;BAURU;16;BOTUCATU;35061;VALE DO JURUMIRIM;351540 Fartura;0;0;1;0;0;2;3;11;21;22;40;28;6;134
15;SÃO JOSÉ DO RIO PRETO;30;JALES;35154;FERNANDÓPOLIS;351550 Fernandópolis;3;3;4;10;11;2;15;18;27;29;21;26;18;187
15;SÃO JOSÉ DO RIO PRETO;29;SAO JOSE DO RIO PRETO;35151;CATANDUVA;351560 Fernando Prestes;0;1;0;0;0;1;2;2;0;2;0;1;0;9
9;MARÍLIA;19;MARILIA;35093;MARÍLIA;351565 Fernão;0;0;0;0;0;0;1;0;1;0;4;3;2;11
1;GRANDE SÃO PAULO;8;MOGI DAS CRUZES;35011;ALTO DO TIETÊ;351570 Ferraz de Vasconcelos;3;8;25;35;47;80;78;94;138;135;114;175;75;1007
11;PRESIDENTE PRUDENTE;22;PRESIDENTE VENCESLAU;35111;ALTA PAULISTA;351580 Flora Rica;0;0;0;0;0;0;0;0;0;0;0;0;0;0
15;SÃO JOSÉ DO RIO PRETO;29;SAO JOSE DO RIO PRETO;35157;VOTUPORANGA;351590 Floreal;0;0;0;0;0;0;0;0;0;1;0;0;0;1
9;MARÍLIA;19;MARILIA;35091;ADAMANTINA ;351600 Flórida Paulista;0;0;0;0;3;4;2;3;2;1;4;0;4;23
9;MARÍLIA;13;ASSIS;35092;ASSIS;351610 Florínea;0;0;0;1;1;1;2;2;5;5;3;5;9;34
8;FRANCA;18;FRANCA;35081;TRÊS COLINAS;351620 Franca;57;94;160;230;266;237;329;378;270;248;62;7;5;2343
1;GRANDE SÃO PAULO;9;FRANCO DA ROCHA;35012;FRANCO DA ROCHA;351630 Francisco Morato;9;13;25;50;75;59;86;97;82;105;116;120;57;894
1;GRANDE SÃO PAULO;9;FRANCO DA ROCHA;35012;FRANCO DA ROCHA;351640 Franco da Rocha;109;126;196;279;252;245;390;453;658;651;606;164;25;4154
2;ARAÇATUBA;11;ARACATUBA;35023;CONSÓRCIOS DO DRS II;351650 Gabriel Monteiro;0;0;0;0;0;0;0;0;0;0;0;0;0;0
9;MARÍLIA;19;MARILIA;35093;MARÍLIA;351660 Gália;0;0;0;0;0;0;1;0;0;0;3;1;2;7
9;MARÍLIA;19;MARILIA;35093;MARÍLIA;351670 Garça;8;6;4;6;8;12;28;25;36;36;30;43;19;261
15;SÃO JOSÉ DO RIO PRETO;29;SAO JOSE DO RIO PRETO;35157;VOTUPORANGA;351680 Gastão Vidigal;0;0;0;1;0;1;1;1;0;1;0;0;0;5
3;ARARAQUARA;12;ARARAQUARA;35031;CENTRAL DO DRS III;351685 Gavião Peixoto;0;1;1;0;0;0;0;0;4;2;10;7;10;35
15;SÃO JOSÉ DO RIO PRETO;29;SAO JOSE DO RIO PRETO;35157;VOTUPORANGA;351690 General Salgado;0;0;0;0;0;1;0;0;0;0;0;2;0;3
6;BAURU;15;BAURU;35065;LINS;351700 Getulina;36;23;7;21;4;4;2;0;3;0;2;1;0;103
2;ARAÇATUBA;11;ARACATUBA;35023;CONSÓRCIOS DO DRS II;351710 Glicério;0;0;0;0;0;2;0;0;1;1;0;0;0;4
6;BAURU;15;BAURU;35065;LINS;351720 Guaiçara;1;0;1;2;1;0;4;4;1;2;2;3;0;21
9;MARÍLIA;19;MARILIA;35093;MARÍLIA;351730 Guaimbê;2;0;2;2;1;3;1;2;1;0;2;0;2;18
5;BARRETOS;14;BARRETOS;35051;NORTE-BARRETOS;351740 Guaíra;10;16;10;22;21;19;28;35;28;36;31;24;13;293
15;SÃO JOSÉ DO RIO PRETO;29;SAO JOSE DO RIO PRETO;35155;SÃO JOSÉ DO RIO PRETO;351750 Guapiaçu;0;3;3;10;6;6;6;11;6;4;7;6;3;71
16;SOROCABA;32;ITAPEVA;35162;ITAPEVA;351760 Guapiara;0;0;0;0;0;1;0;0;0;1;3;4;2;11
8;FRANCA;18;FRANCA;35083;ALTA MOGIANA;351770 Guará;2;1;1;4;7;9;32;11;12;4;5;0;0;88
2;ARAÇATUBA;11;ARACATUBA;35022;LAGOS DO DRS II;351780 Guaraçaí;0;0;0;0;0;0;1;0;1;0;2;1;1;6
5;BARRETOS;14;BARRETOS;35051;NORTE-BARRETOS;351790 Guaraci;1;0;3;0;1;2;6;6;14;12;10;23;2;80
15;SÃO JOSÉ DO RIO PRETO;30;JALES;35154;FERNANDÓPOLIS;351800 Guarani d'Oeste;0;0;0;0;0;0;0;0;2;1;4;0;0;7
9;MARÍLIA;19;MARILIA;35093;MARÍLIA;351810 Guarantã;0;0;1;0;0;0;4;2;0;1;0;0;0;8
2;ARAÇATUBA;11;ARACATUBA;35021;CENTRAL DO DRS II;351820 Guararapes;5;2;16;10;20;16;52;47;60;76;103;103;66;576
1;GRANDE SÃO PAULO;8;MOGI DAS CRUZES;35011;ALTO DO TIETÊ;351830 Guararema;2;4;21;19;34;28;32;32;42;72;23;13;3;325
17;TAUBATÉ;33;TAUBATE;35172;CIRCUITO DA FÉ - VALE HISTÓRICO;351840 Guaratinguetá;28;72;91;177;193;235;236;325;480;397;221;164;129;2748
16;SOROCABA;31;SOROCABA;35161;ITAPETININGA;351850 Guareí;1;1;1;3;1;3;7;5;6;14;19;24;18;103
13;RIBEIRÃO PRETO;24;RIBEIRAO PRETO;35131;HORIZONTE VERDE;351860 Guariba;1;0;4;1;2;5;15;17;23;30;30;37;15;180
4;BAIXADA SANTISTA;25;SANTOS;35041;BAIXADA SANTISTA;351870 Guarujá;14;32;37;64;97;229;342;482;503;418;397;195;24;2834
1;GRANDE SÃO PAULO;8;MOGI DAS CRUZES;35011;ALTO DO TIETÊ;351880 Guarulhos;123;252;387;567;975;1224;1798;2473;2895;3262;3703;4549;3307;25515
13;RIBEIRÃO PRETO;24;RIBEIRAO PRETO;35132;AQUÍFERO GUARANI;351885 Guatapará;0;0;0;0;1;1;2;2;1;2;2;5;0;16
2;ARAÇATUBA;11;ARACATUBA;35021;CENTRAL DO DRS II;351890 Guzolândia;0;0;0;0;0;0;0;0;0;1;0;0;0;1
9;MARÍLIA;19;MARILIA;35095;TUPÃ;351900 Herculândia;0;1;0;2;5;3;1;6;4;5;9;3;3;42
7;CAMPINAS;17;CAMPINAS;35072;REG METRO CAMPINAS;351905 Holambra;1;3;2;8;3;7;25;23;44;57;54;89;50;366
7;CAMPINAS;17;CAMPINAS;35072;REG METRO CAMPINAS;351907 Hortolândia;12;13;24;26;36;62;57;116;110;94;63;33;50;696
6;BAURU;15;BAURU;35062;BAURU;351910 Iacanga;0;2;2;1;7;8;7;7;11;14;14;20;12;105
9;MARÍLIA;19;MARILIA;35095;TUPÃ;351920 Iacri;0;4;1;2;3;3;6;15;13;10;2;0;1;60
6;BAURU;16;BOTUCATU;35061;VALE DO JURUMIRIM;351925 Iaras;0;1;0;0;0;0;4;1;1;1;3;0;0;11
3;ARARAQUARA;12;ARARAQUARA;35032;CORAÇÃO DO DRS III;351930 Ibaté;0;0;1;0;3;9;5;11;5;9;7;9;23;82
15;SÃO JOSÉ DO RIO PRETO;29;SAO JOSE DO RIO PRETO;35155;SÃO JOSÉ DO RIO PRETO;351940 Ibirá;0;0;1;2;1;1;3;2;4;3;0;0;1;18
9;MARÍLIA;13;ASSIS;35094;OURINHOS;351950 Ibirarema;0;0;0;0;0;0;4;6;4;8;14;13;27;76
3;ARARAQUARA;12;ARARAQUARA;35033;NOROESTE DRS III;351960 Ibitinga;0;1;2;1;3;7;7;6;7;12;11;16;23;96
16;SOROCABA;31;SOROCABA;35163;SOROCABA;351970 Ibiúna;0;0;0;0;1;3;4;5;11;11;15;14;7;71
15;SÃO JOSÉ DO RIO PRETO;29;SAO JOSE DO RIO PRETO;35155;SÃO JOSÉ DO RIO PRETO;351980 Icém;5;6;2;3;3;1;1;1;0;1;0;0;0;23
11;PRESIDENTE PRUDENTE;21;PRESIDENTE PRUDENTE;35113;ALTO CAPIVARI;351990 Iepê;0;1;0;2;0;0;0;1;0;0;0;0;0;4
6;BAURU;15;BAURU;35064;JAU;352000 Igaraçu do Tietê;0;0;0;1;2;3;5;9;20;14;19;24;37;134
8;FRANCA;18;FRANCA;35083;ALTA MOGIANA;352010 Igarapava;0;0;0;0;2;9;5;11;3;0;2;0;0;32
17;TAUBATÉ;27;SAO JOSE DOS CAMPOS;35171;ALTO VALE DO PARAÍBA;352020 Igaratá;0;0;0;0;1;8;11;9;4;13;20;42;36;144
12;REGISTRO;23;REGISTRO;35121;VALE DO RIBEIRA;352030 Iguape;5;13;18;24;31;15;40;108;173;197;163;186;125;1098
17;TAUBATÉ;28;CARAGUATATUBA;35173;LITORAL NORTE;352040 Ilhabela;3;18;13;25;35;56;81;96;132;144;197;262;57;1119
12;REGISTRO;23;REGISTRO;35121;VALE DO RIBEIRA;352042 Ilha Comprida;1;1;5;8;14;15;16;22;33;31;50;57;44;297
2;ARAÇATUBA;11;ARACATUBA;35022;LAGOS DO DRS II;352044 Ilha Solteira;0;1;1;0;0;0;1;3;3;1;2;0;1;13
7;CAMPINAS;17;CAMPINAS;35072;REG METRO CAMPINAS;352050 Indaiatuba;8;9;12;23;45;94;88;140;144;193;222;257;133;1368
11;PRESIDENTE PRUDENTE;21;PRESIDENTE PRUDENTE;35112;ALTA SOROCABANA;352060 Indiana;0;0;0;0;0;1;0;2;3;0;2;2;1;11
15;SÃO JOSÉ DO RIO PRETO;30;JALES;35154;FERNANDÓPOLIS;352070 Indiaporã;0;0;0;0;0;0;1;1;2;1;0;0;0;5
9;MARÍLIA;19;MARILIA;35091;ADAMANTINA ;352080 Inúbia Paulista;0;0;0;0;0;0;0;0;0;0;0;0;0;0
9;MARÍLIA;13;ASSIS;35094;OURINHOS;352090 Ipaussu;0;0;1;0;1;0;3;2;3;3;3;8;7;31
16;SOROCABA;31;SOROCABA;35163;SOROCABA;352100 Iperó;0;0;1;1;2;2;2;3;13;6;8;15;15;68
10;PIRACICABA;20;PIRACICABA;35104;RIO CLARO;352110 Ipeúna;0;0;0;0;2;2;11;7;5;17;20;20;3;87
15;SÃO JOSÉ DO RIO PRETO;29;SAO JOSE DO RIO PRETO;35155;SÃO JOSÉ DO RIO PRETO;352115 Ipiguá;0;0;2;1;2;1;1;2;0;1;0;0;0;10
12;REGISTRO;23;REGISTRO;35121;VALE DO RIBEIRA;352120 Iporanga;0;0;0;1;1;0;2;1;1;9;10;17;11;53
8;FRANCA;18;FRANCA;35082;ALTA ANHANGUERA;352130 Ipuã;0;0;0;0;0;0;1;2;0;1;0;3;0;7
10;PIRACICABA;20;PIRACICABA;35102;LIMEIRA;352140 Iracemápolis;4;2;5;5;11;15;22;16;32;37;46;81;65;341
15;SÃO JOSÉ DO RIO PRETO;29;SAO JOSE DO RIO PRETO;35151;CATANDUVA;352150 Irapuã;0;3;4;6;6;0;0;0;0;0;1;1;1;22
11;PRESIDENTE PRUDENTE;22;PRESIDENTE VENCESLAU;35111;ALTA PAULISTA;352160 Irapuru;2;2;1;2;0;1;0;7;2;4;0;0;0;21
16;SOROCABA;32;ITAPEVA;35162;ITAPEVA;352170 Itaberá;0;0;0;0;0;1;0;0;1;3;6;9;13;33
6;BAURU;16;BOTUCATU;35061;VALE DO JURUMIRIM;352180 Itaí;0;0;0;0;2;1;2;1;9;4;7;18;31;75
15;SÃO JOSÉ DO RIO PRETO;29;SAO JOSE DO RIO PRETO;35151;CATANDUVA;352190 Itajobi;2;2;0;0;4;3;5;4;9;11;20;14;5;79
6;BAURU;15;BAURU;35064;JAU;352200 Itaju;0;6;7;10;13;5;13;11;20;26;33;37;37;218
4;BAIXADA SANTISTA;25;SANTOS;35041;BAIXADA SANTISTA;352210 Itanhaém;6;4;9;13;13;27;29;57;66;69;89;72;87;541
16;SOROCABA;32;ITAPEVA;35162;ITAPEVA;352215 Itaóca;0;0;0;0;0;0;0;0;0;0;0;0;1;1
1;GRANDE SÃO PAULO;10;OSASCO;35013;MANANCIAIS;352220 Itapecerica da Serra;2;2;4;1;6;9;9;25;53;37;50;124;78;400
16;SOROCABA;31;SOROCABA;35161;ITAPETININGA;352230 Itapetininga;16;18;34;49;61;66;124;108;167;181;269;368;227;1688
16;SOROCABA;32;ITAPEVA;35162;ITAPEVA;352240 Itapeva;1;0;1;0;0;4;13;16;30;52;43;68;88;316
1;GRANDE SÃO PAULO;10;OSASCO;35014;ROTA DOS BANDEIRANTES;352250 Itapevi;0;1;0;2;0;5;13;14;14;25;27;20;8;129
14;SÃO JOÃO DA BOA VISTA;26;SAO JOAO DA BOA VISTA;35141;BAIXA MOGIANA;352260 Itapira;2;2;8;9;23;41;89;194;326;364;210;145;238;1651
16;SOROCABA;32;ITAPEVA;35162;ITAPEVA;352265 Itapirapuã Paulista;0;0;0;0;0;0;0;0;0;0;0;0;0;0
3;ARARAQUARA;12;ARARAQUARA;35033;NOROESTE DRS III;352270 Itápolis;2;3;2;5;4;1;6;4;6;6;6;3;6;54
6;BAURU;16;BOTUCATU;35061;VALE DO JURUMIRIM;352280 Itaporanga;0;0;1;0;0;0;1;0;3;2;6;6;4;23
6;BAURU;15;BAURU;35064;JAU;352290 Itapuí;0;0;0;0;1;0;2;3;3;6;24;23;17;79
2;ARAÇATUBA;11;ARACATUBA;35022;LAGOS DO DRS II;352300 Itapura;0;0;0;0;0;0;3;0;0;3;0;1;0;7
1;GRANDE SÃO PAULO;8;MOGI DAS CRUZES;35011;ALTO DO TIETÊ;352310 Itaquaquecetuba;7;15;34;92;105;122;155;178;144;144;68;71;33;1168
16;SOROCABA;32;ITAPEVA;35162;ITAPEVA;352320 Itararé;0;0;0;3;5;3;2;8;19;14;22;35;40;151
12;REGISTRO;23;REGISTRO;35121;VALE DO RIBEIRA;352330 Itariri;0;0;0;1;0;0;0;0;0;0;0;0;0;1
7;CAMPINAS;17;CAMPINAS;35072;REG METRO CAMPINAS;352340 Itatiba;17;26;70;111;85;117;166;155;196;211;222;171;145;1692
6;BAURU;16;BOTUCATU;35063;POLO CUESTA;352350 Itatinga;0;0;1;1;0;1;1;2;5;5;2;11;2;31
10;PIRACICABA;20;PIRACICABA;35104;RIO CLARO;352360 Itirapina;0;0;0;0;0;0;3;9;15;13;35;37;41;153
8;FRANCA;18;FRANCA;35081;TRÊS COLINAS;352370 Itirapuã;3;0;1;0;10;9;4;5;0;3;8;29;12;84
14;SÃO JOÃO DA BOA VISTA;26;SAO JOAO DA BOA VISTA;35143;RIO PARDO;352380 Itobi;0;0;0;1;0;1;2;4;10;17;19;13;0;67
16;SOROCABA;31;SOROCABA;35163;SOROCABA;352390 Itu;96;146;199;281;254;357;458;475;713;798;766;981;762;6286
7;CAMPINAS;17;CAMPINAS;35073;JUNDIAÍ;352400 Itupeva;1;0;3;3;3;7;10;14;12;15;17;34;19;138
8;FRANCA;18;FRANCA;35083;ALTA MOGIANA;352410 Ituverava;1;1;0;1;1;0;2;1;3;1;0;1;1;13
5;BARRETOS;14;BARRETOS;35051;NORTE-BARRETOS;352420 Jaborandi;0;0;2;4;1;5;3;6;14;6;8;5;6;60
13;RIBEIRÃO PRETO;24;RIBEIRAO PRETO;35131;HORIZONTE VERDE;352430 Jaboticabal;1;6;7;9;28;45;53;62;84;63;69;55;37;519
17;TAUBATÉ;27;SAO JOSE DOS CAMPOS;35171;ALTO VALE DO PARAÍBA;352440 Jacareí;313;451;652;978;845;1171;1494;1825;1996;1950;1796;2033;960;16464
15;SÃO JOSÉ DO RIO PRETO;29;SAO JOSE DO RIO PRETO;35156;JOSÉ BONIFÁCIO;352450 Jaci;1;0;1;1;0;2;2;0;0;2;1;1;0;11
12;REGISTRO;23;REGISTRO;35121;VALE DO RIBEIRA;352460 Jacupiranga;0;0;0;0;1;1;3;1;5;5;1;1;0;18
7;CAMPINAS;17;CAMPINAS;35072;REG METRO CAMPINAS;352470 Jaguariúna;7;11;21;31;60;100;183;224;340;339;413;497;365;2591
15;SÃO JOSÉ DO RIO PRETO;30;JALES;35153;JALES;352480 Jales;2;1;1;2;4;4;9;5;14;18;15;12;8;95
17;TAUBATÉ;27;SAO JOSE DOS CAMPOS;35171;ALTO VALE DO PARAÍBA;352490 Jambeiro;0;1;1;0;2;0;1;2;3;11;7;13;19;60
1;GRANDE SÃO PAULO;10;OSASCO;35014;ROTA DOS BANDEIRANTES;352500 Jandira;1;0;1;2;1;5;3;0;4;3;4;7;3;34
13;RIBEIRÃO PRETO;24;RIBEIRAO PRETO;35132;AQUÍFERO GUARANI;352510 Jardinópolis;6;24;45;33;49;19;73;79;77;119;118;84;16;742
7;CAMPINAS;17;CAMPINAS;35073;JUNDIAÍ;352520 Jarinu;2;1;1;2;4;3;6;16;6;8;9;16;6;80
6;BAURU;15;BAURU;35064;JAU;352530 Jaú;11;20;25;44;42;50;110;110;113;91;162;89;12;879
8;FRANCA;18;FRANCA;35081;TRÊS COLINAS;352540 Jeriquara;0;0;0;0;2;7;7;24;10;17;27;9;8;111
7;CAMPINAS;17;CAMPINAS;35071;BRAGANÇA;352550 Joanópolis;0;0;1;3;2;4;8;17;9;8;40;38;35;165
11;PRESIDENTE PRUDENTE;21;PRESIDENTE PRUDENTE;35113;ALTO CAPIVARI;352560 João Ramalho;0;0;0;0;0;0;0;0;0;0;0;0;0;0
15;SÃO JOSÉ DO RIO PRETO;29;SAO JOSE DO RIO PRETO;35156;JOSÉ BONIFÁCIO;352570 José Bonifácio;1;0;2;3;4;1;3;2;3;5;7;6;1;38
9;MARÍLIA;19;MARILIA;35093;MARÍLIA;352580 Júlio Mesquita;1;0;0;0;0;1;1;1;0;0;0;0;0;4
16;SOROCABA;31;SOROCABA;35163;SOROCABA;352585 Jumirim;0;0;0;0;0;0;0;0;0;0;0;0;0;0
7;CAMPINAS;17;CAMPINAS;35073;JUNDIAÍ;352590 Jundiaí;42;55;94;148;129;248;322;342;377;531;528;563;581;3960
11;PRESIDENTE PRUDENTE;22;PRESIDENTE VENCESLAU;35111;ALTA PAULISTA;352600 Junqueirópolis;0;0;0;1;2;3;1;0;0;0;1;2;2;12
12;REGISTRO;23;REGISTRO;35121;VALE DO RIBEIRA;352610 Juquiá;0;0;0;1;2;1;2;0;4;3;4;3;3;23
1;GRANDE SÃO PAULO;10;OSASCO;35013;MANANCIAIS;352620 Juquitiba;0;0;0;2;6;9;7;6;10;16;12;27;22;117
17;TAUBATÉ;33;TAUBATE;35174;V. PARAÍBA-REG. SERRANA;352630 Lagoinha;0;0;0;0;0;2;1;2;6;6;13;20;23;73
6;BAURU;16;BOTUCATU;35063;POLO CUESTA;352640 Laranjal Paulista;0;0;1;0;0;0;1;3;2;3;2;7;11;30
2;ARAÇATUBA;11;ARACATUBA;35022;LAGOS DO DRS II;352650 Lavínia;0;0;0;0;0;0;0;1;1;0;2;1;0;5
17;TAUBATÉ;33;TAUBATE;35172;CIRCUITO DA FÉ - VALE HISTÓRICO;352660 Lavrinhas;0;1;0;0;0;3;3;8;15;7;13;8;0;58
10;PIRACICABA;20;PIRACICABA;35101;ARARAS;352670 Leme;6;7;16;30;27;48;69;99;116;111;170;305;139;1143
6;BAURU;15;BAURU;35062;BAURU;352680 Lençóis Paulista;6;6;11;27;10;23;28;37;49;78;94;137;102;608
10;PIRACICABA;20;PIRACICABA;35102;LIMEIRA;352690 Limeira;25;41;59;55;64;91;96;126;146;130;136;181;176;1326
7;CAMPINAS;17;CAMPINAS;35074;CIRCUITO DAS AGUAS;352700 Lindóia;0;0;0;0;0;0;0;2;2;0;4;1;8;17
6;BAURU;15;BAURU;35065;LINS;352710 Lins;1;5;3;4;9;2;5;5;5;7;7;4;0;57
17;TAUBATÉ;33;TAUBATE;35172;CIRCUITO DA FÉ - VALE HISTÓRICO;352720 Lorena;4;13;34;57;101;203;230;280;435;415;492;142;17;2423
2;ARAÇATUBA;11;ARACATUBA;35023;CONSÓRCIOS DO DRS II;352725 Lourdes;0;0;0;0;0;0;0;0;0;0;0;2;1;3
7;CAMPINAS;17;CAMPINAS;35073;JUNDIAÍ;352730 Louveira;1;1;3;3;11;10;12;18;30;27;41;93;54;304
9;MARÍLIA;19;MARILIA;35091;ADAMANTINA ;352740 Lucélia;0;1;0;2;1;0;1;1;0;1;0;2;0;9
6;BAURU;15;BAURU;35062;BAURU;352750 Lucianópolis;0;0;0;2;1;2;19;4;7;5;3;2;5;50
13;RIBEIRÃO PRETO;24;RIBEIRAO PRETO;35132;AQUÍFERO GUARANI;352760 Luís Antônio;0;0;0;1;0;0;0;0;1;2;1;2;0;7
2;ARAÇATUBA;11;ARACATUBA;35023;CONSÓRCIOS DO DRS II;352770 Luiziânia;0;0;0;0;0;3;0;0;0;4;2;4;0;13
9;MARÍLIA;19;MARILIA;35093;MARÍLIA;352780 Lupércio;0;0;0;1;1;1;2;1;2;2;2;6;1;19
9;MARÍLIA;13;ASSIS;35092;ASSIS;352790 Lutécia;0;0;0;0;1;0;1;0;0;0;0;0;0;2
6;BAURU;15;BAURU;35062;BAURU;352800 Macatuba;2;1;1;6;8;7;15;18;21;24;36;68;52;259
15;SÃO JOSÉ DO RIO PRETO;29;SAO JOSE DO RIO PRETO;35157;VOTUPORANGA;352810 Macaubal;0;0;0;0;0;0;0;0;0;0;0;0;1;1
15;SÃO JOSÉ DO RIO PRETO;30;JALES;35154;FERNANDÓPOLIS;352820 Macedônia;0;0;0;0;0;0;0;0;0;0;0;0;0;0
15;SÃO JOSÉ DO RIO PRETO;29;SAO JOSE DO RIO PRETO;35157;VOTUPORANGA;352830 Magda;0;0;0;0;0;0;0;0;0;0;0;0;0;0
16;SOROCABA;31;SOROCABA;35163;SOROCABA;352840 Mairinque;0;0;0;0;4;4;7;15;23;29;31;62;31;206
1;GRANDE SÃO PAULO;9;FRANCO DA ROCHA;35012;FRANCO DA ROCHA;352850 Mairiporã;9;6;14;31;48;197;244;387;470;109;10;6;3;1534
6;BAURU;16;BOTUCATU;35061;VALE DO JURUMIRIM;352860 Manduri;0;4;8;18;11;27;26;7;18;41;44;71;71;346
11;PRESIDENTE PRUDENTE;22;PRESIDENTE VENCESLAU;35114;EXTREMO OESTE PAULISTA;352870 Marabá Paulista;0;0;1;0;0;0;0;1;1;8;2;3;0;16
9;MARÍLIA;13;ASSIS;35092;ASSIS;352880 Maracaí;0;0;0;0;1;3;7;11;16;15;28;19;20;120
15;SÃO JOSÉ DO RIO PRETO;29;SAO JOSE DO RIO PRETO;35151;CATANDUVA;352885 Marapoama;0;0;0;0;0;0;0;0;1;0;1;1;1;4
9;MARÍLIA;19;MARILIA;35091;ADAMANTINA ;352890 Mariápolis;0;0;0;0;0;0;0;0;1;0;0;0;0;1
9;MARÍLIA;19;MARILIA;35093;MARÍLIA;352900 Marília;127;193;262;310;284;412;492;448;453;486;401;471;282;4621
15;SÃO JOSÉ DO RIO PRETO;30;JALES;35153;JALES;352910 Marinópolis;0;0;0;4;2;0;2;3;2;1;0;1;0;15
11;PRESIDENTE PRUDENTE;21;PRESIDENTE PRUDENTE;35112;ALTA SOROCABANA;352920 Martinópolis;0;0;0;2;0;4;1;2;11;7;5;2;3;37
3;ARARAQUARA;12;ARARAQUARA;35033;NOROESTE DRS III;352930 Matão;2;2;3;15;6;13;16;29;43;42;74;66;49;360
1;GRANDE SÃO PAULO;7;SANTO ANDRE;35015;GRANDE ABC;352940 Mauá;5;5;10;46;71;114;170;273;304;399;488;643;676;3204
15;SÃO JOSÉ DO RIO PRETO;29;SAO JOSE DO RIO PRETO;35156;JOSÉ BONIFÁCIO;352950 Mendonça;1;1;0;0;1;0;1;0;2;1;1;1;2;11
15;SÃO JOSÉ DO RIO PRETO;30;JALES;35154;FERNANDÓPOLIS;352960 Meridiano;0;0;0;0;0;0;0;0;0;1;0;7;1;9
15;SÃO JOSÉ DO RIO PRETO;30;JALES;35153;JALES;352965 Mesópolis;0;0;0;0;0;0;0;0;5;2;4;7;6;24
8;FRANCA;18;FRANCA;35083;ALTA MOGIANA;352970 Miguelópolis;0;0;0;0;2;4;3;1;0;1;0;1;0;12
6;BAURU;15;BAURU;35064;JAU;352980 Mineiros do Tietê;1;4;14;16;22;75;113;118;224;222;270;312;232;1623
12;REGISTRO;23;REGISTRO;35121;VALE DO RIBEIRA;352990 Miracatu;0;0;1;0;4;5;4;2;0;1;3;0;1;21
15;SÃO JOSÉ DO RIO PRETO;30;JALES;35154;FERNANDÓPOLIS;353000 Mira Estrela;0;0;0;0;0;2;2;1;4;3;0;1;0;13
2;ARAÇATUBA;11;ARACATUBA;35022;LAGOS DO DRS II;353010 Mirandópolis;5;3;7;1;3;2;3;4;6;9;5;3;2;53
11;PRESIDENTE PRUDENTE;22;PRESIDENTE VENCESLAU;35115;PONTAL DO PARANAPANEMA;353020 Mirante do Paranapanema;0;0;0;0;0;0;1;0;1;1;2;1;0;6
15;SÃO JOSÉ DO RIO PRETO;29;SAO JOSE DO RIO PRETO;35155;SÃO JOSÉ DO RIO PRETO;353030 Mirassol;1;3;6;0;16;12;10;8;7;2;6;4;7;82
15;SÃO JOSÉ DO RIO PRETO;29;SAO JOSE DO RIO PRETO;35155;SÃO JOSÉ DO RIO PRETO;353040 Mirassolândia;0;0;0;2;1;1;7;5;4;5;4;9;4;42
14;SÃO JOÃO DA BOA VISTA;26;SAO JOAO DA BOA VISTA;35143;RIO PARDO;353050 Mococa;17;4;32;43;83;91;145;159;145;196;254;193;105;1467
1;GRANDE SÃO PAULO;8;MOGI DAS CRUZES;35011;ALTO DO TIETÊ;353060 Mogi das Cruzes;2;11;29;68;86;146;229;244;383;451;226;243;196;2314
14;SÃO JOÃO DA BOA VISTA;26;SAO JOAO DA BOA VISTA;35141;BAIXA MOGIANA;353070 Mogi Guaçu;8;6;12;15;20;15;42;69;77;76;77;68;67;552
14;SÃO JOÃO DA BOA VISTA;26;SAO JOAO DA BOA VISTA;35141;BAIXA MOGIANA;353080 Mogi Mirim;2;3;7;9;15;29;49;93;73;55;31;52;38;456
10;PIRACICABA;20;PIRACICABA;35103;PIRACICABA;353090 Mombuca;0;0;1;0;0;0;1;1;1;1;2;1;0;8
15;SÃO JOSÉ DO RIO PRETO;29;SAO JOSE DO RIO PRETO;35157;VOTUPORANGA;353100 Monções;1;0;0;0;0;0;0;0;0;0;0;0;2;3
4;BAIXADA SANTISTA;25;SANTOS;35041;BAIXADA SANTISTA;353110 Mongaguá;1;1;1;3;1;3;1;11;11;33;25;37;18;146
7;CAMPINAS;17;CAMPINAS;35074;CIRCUITO DAS AGUAS;353120 Monte Alegre do Sul;0;0;0;1;0;0;1;0;1;0;4;5;6;18
13;RIBEIRÃO PRETO;24;RIBEIRAO PRETO;35131;HORIZONTE VERDE;353130 Monte Alto;8;9;15;21;25;38;25;30;51;53;55;74;47;451
15;SÃO JOSÉ DO RIO PRETO;29;SAO JOSE DO RIO PRETO;35156;JOSÉ BONIFÁCIO;353140 Monte Aprazível;0;0;0;2;6;2;3;6;2;1;0;3;2;27
5;BARRETOS;14;BARRETOS;35052;SUL-BARRETOS;353150 Monte Azul Paulista;75;57;44;47;61;33;31;53;43;24;44;31;24;567
11;PRESIDENTE PRUDENTE;22;PRESIDENTE VENCESLAU;35111;ALTA PAULISTA;353160 Monte Castelo;0;1;0;0;0;0;1;0;0;1;3;1;2;9
17;TAUBATÉ;27;SAO JOSE DOS CAMPOS;35171;ALTO VALE DO PARAÍBA;353170 Monteiro Lobato;0;0;0;1;0;0;0;2;0;2;5;8;0;18
7;CAMPINAS;17;CAMPINAS;35072;REG METRO CAMPINAS;353180 Monte Mor;0;1;5;5;13;8;24;42;45;88;70;204;177;682
8;FRANCA;18;FRANCA;35082;ALTA ANHANGUERA;353190 Morro Agudo;0;1;3;1;2;2;2;6;8;2;11;16;3;57
7;CAMPINAS;17;CAMPINAS;35072;REG METRO CAMPINAS;353200 Morungaba;0;3;0;3;5;7;6;4;5;9;8;24;2;76
3;ARARAQUARA;12;ARARAQUARA;35031;CENTRAL DO DRS III;353205 Motuca;0;1;0;0;0;0;0;0;0;0;3;2;0;6
2;ARAÇATUBA;11;ARACATUBA;35022;LAGOS DO DRS II;353210 Murutinga do Sul;0;0;0;0;0;0;0;0;0;0;0;0;0;0
11;PRESIDENTE PRUDENTE;21;PRESIDENTE PRUDENTE;35113;ALTO CAPIVARI;353215 Nantes;0;0;0;1;0;0;2;0;2;3;0;4;3;15
11;PRESIDENTE PRUDENTE;21;PRESIDENTE PRUDENTE;35112;ALTA SOROCABANA;353220 Narandiba;0;0;0;0;0;0;0;0;0;0;0;0;0;0
17;TAUBATÉ;33;TAUBATE;35174;V. PARAÍBA-REG. SERRANA;353230 Natividade da Serra;0;0;0;0;0;0;0;0;1;4;2;9;5;21
7;CAMPINAS;17;CAMPINAS;35071;BRAGANÇA;353240 Nazaré Paulista;0;0;0;1;0;1;1;1;1;0;0;0;1;6
15;SÃO JOSÉ DO RIO PRETO;29;SAO JOSE DO RIO PRETO;35155;SÃO JOSÉ DO RIO PRETO;353250 Neves Paulista;0;0;0;2;1;2;5;3;3;4;4;1;0;25
15;SÃO JOSÉ DO RIO PRETO;29;SAO JOSE DO RIO PRETO;35157;VOTUPORANGA;353260 Nhandeara;0;0;0;0;2;3;0;0;0;0;1;3;2;11
15;SÃO JOSÉ DO RIO PRETO;29;SAO JOSE DO RIO PRETO;35156;JOSÉ BONIFÁCIO;353270 Nipoã;1;0;0;0;1;0;0;0;0;0;0;0;0;2
15;SÃO JOSÉ DO RIO PRETO;29;SAO JOSE DO RIO PRETO;35155;SÃO JOSÉ DO RIO PRETO;353280 Nova Aliança;0;0;0;1;0;0;1;1;2;0;1;2;1;9
16;SOROCABA;32;ITAPEVA;35162;ITAPEVA;353282 Nova Campina;0;0;0;0;0;1;0;0;1;2;5;2;5;16
15;SÃO JOSÉ DO RIO PRETO;30;JALES;35152;SANTA FÉ DO SUL;353284 Nova Canaã Paulista;0;0;0;0;0;0;0;0;0;0;0;0;0;0
2;ARAÇATUBA;11;ARACATUBA;35021;CENTRAL DO DRS II;353286 Nova Castilho;0;0;0;0;0;0;0;0;0;0;0;1;0;1
3;ARARAQUARA;12;ARARAQUARA;35033;NOROESTE DRS III;353290 Nova Europa;0;0;0;0;2;1;2;6;4;5;5;7;1;33
15;SÃO JOSÉ DO RIO PRETO;29;SAO JOSE DO RIO PRETO;35155;SÃO JOSÉ DO RIO PRETO;353300 Nova Granada;1;0;0;0;4;3;2;4;3;3;3;0;0;23
11;PRESIDENTE PRUDENTE;22;PRESIDENTE VENCESLAU;35111;ALTA PAULISTA;353310 Nova Guataporanga;0;0;0;0;1;1;2;3;2;2;1;1;0;13
2;ARAÇATUBA;11;ARACATUBA;35022;LAGOS DO DRS II;353320 Nova Independência;0;0;0;0;2;0;2;1;0;2;1;0;3;11
15;SÃO JOSÉ DO RIO PRETO;29;SAO JOSE DO RIO PRETO;35151;CATANDUVA;353325 Novais;0;0;1;0;1;0;1;0;7;3;5;2;0;20
2;ARAÇATUBA;11;ARACATUBA;35021;CENTRAL DO DRS II;353330 Nova Luzitânia;0;0;0;0;0;0;0;0;0;0;0;1;0;1
7;CAMPINAS;17;CAMPINAS;35072;REG METRO CAMPINAS;353340 Nova Odessa;4;6;10;8;17;45;52;98;127;178;255;300;272;1372
15;SÃO JOSÉ DO RIO PRETO;29;SAO JOSE DO RIO PRETO;35151;CATANDUVA;353350 Novo Horizonte;0;4;2;10;6;8;20;17;18;31;41;48;28;233
8;FRANCA;18;FRANCA;35082;ALTA ANHANGUERA;353360 Nuporanga;3;7;2;4;5;1;10;12;8;7;7;19;10;95
9;MARÍLIA;19;MARILIA;35093;MARÍLIA;353370 Ocauçu;0;1;4;5;4;2;4;2;2;9;1;3;1;38
9;MARÍLIA;13;ASSIS;35094;OURINHOS;353380 Óleo;0;0;0;0;0;1;0;1;2;4;6;10;9;33
5;BARRETOS;14;BARRETOS;35051;NORTE-BARRETOS;353390 Olímpia;46;49;91;94;100;91;178;139;140;162;224;137;57;1508
15;SÃO JOSÉ DO RIO PRETO;29;SAO JOSE DO RIO PRETO;35155;SÃO JOSÉ DO RIO PRETO;353400 Onda Verde;1;2;6;4;7;11;7;13;13;3;4;6;4;81
9;MARÍLIA;19;MARILIA;35093;MARÍLIA;353410 Oriente;1;0;2;1;5;8;3;8;11;9;9;11;5;73
15;SÃO JOSÉ DO RIO PRETO;29;SAO JOSE DO RIO PRETO;35155;SÃO JOSÉ DO RIO PRETO;353420 Orindiúva;1;1;0;1;0;5;3;1;5;2;1;4;4;28
8;FRANCA;18;FRANCA;35082;ALTA ANHANGUERA;353430 Orlândia;0;0;5;2;3;4;5;5;4;8;10;11;6;63
1;GRANDE SÃO PAULO;10;OSASCO;35014;ROTA DOS BANDEIRANTES;353440 Osasco;39;68;109;126;204;327;453;636;844;819;736;623;241;5225
9;MARÍLIA;19;MARILIA;35093;MARÍLIA;353450 Oscar Bressane;0;0;0;2;2;2;4;2;1;0;1;1;0;15
9;MARÍLIA;19;MARILIA;35091;ADAMANTINA ;353460 Osvaldo Cruz;2;3;3;2;4;11;13;29;29;36;30;20;5;187
9;MARÍLIA;13;ASSIS;35094;OURINHOS;353470 Ourinhos;10;26;19;33;39;55;42;63;87;75;75;69;43;636
15;SÃO JOSÉ DO RIO PRETO;30;JALES;35154;FERNANDÓPOLIS;353475 Ouroeste;3;7;4;5;3;6;12;11;7;9;12;9;2;90
11;PRESIDENTE PRUDENTE;22;PRESIDENTE VENCESLAU;35111;ALTA PAULISTA;353480 Ouro Verde;1;1;0;0;0;0;0;0;2;0;1;0;0;5
9;MARÍLIA;19;MARILIA;35091;ADAMANTINA ;353490 Pacaembu;0;0;1;1;0;0;2;6;3;1;5;2;0;21
15;SÃO JOSÉ DO RIO PRETO;29;SAO JOSE DO RIO PRETO;35155;SÃO JOSÉ DO RIO PRETO;353500 Palestina;0;1;0;3;3;4;7;1;0;3;3;0;0;25
15;SÃO JOSÉ DO RIO PRETO;29;SAO JOSE DO RIO PRETO;35151;CATANDUVA;353510 Palmares Paulista;82;78;73;94;79;39;55;15;6;3;3;1;0;528
15;SÃO JOSÉ DO RIO PRETO;30;JALES;35153;JALES;353520 Palmeira d'Oeste;0;0;1;1;2;9;7;5;4;3;2;0;1;35
9;MARÍLIA;13;ASSIS;35092;ASSIS;353530 Palmital;0;0;3;4;7;3;6;2;4;7;13;15;26;90
11;PRESIDENTE PRUDENTE;22;PRESIDENTE VENCESLAU;35111;ALTA PAULISTA;353540 Panorama;0;1;1;1;1;0;2;5;3;1;1;1;0;17
9;MARÍLIA;13;ASSIS;35092;ASSIS;353550 Paraguaçu Paulista;0;2;8;7;9;24;34;30;20;43;31;34;14;256
17;TAUBATÉ;27;SAO JOSE DOS CAMPOS;35171;ALTO VALE DO PARAÍBA;353560 Paraibuna;0;2;0;2;3;2;3;14;12;5;6;8;2;59
15;SÃO JOSÉ DO RIO PRETO;29;SAO JOSE DO RIO PRETO;35151;CATANDUVA;353570 Paraíso;20;14;37;42;26;23;13;22;13;16;6;1;2;235
6;BAURU;16;BOTUCATU;35061;VALE DO JURUMIRIM;353580 Paranapanema;0;0;0;0;0;0;0;1;0;0;2;10;5;18
15;SÃO JOSÉ DO RIO PRETO;30;JALES;35153;JALES;353590 Paranapuã;0;0;0;3;0;0;1;2;1;3;2;0;2;14
9;MARÍLIA;19;MARILIA;35095;TUPÃ;353600 Parapuã;1;1;2;0;2;2;5;8;2;4;5;4;7;43
6;BAURU;16;BOTUCATU;35063;POLO CUESTA;353610 Pardinho;1;0;0;1;0;0;0;0;1;2;1;3;0;9
12;REGISTRO;23;REGISTRO;35121;VALE DO RIBEIRA;353620 PariqueraÁAçu;0;0;0;2;0;1;0;1;12;15;14;7;8;60
15;SÃO JOSÉ DO RIO PRETO;29;SAO JOSE DO RIO PRETO;35157;VOTUPORANGA;353625 Parisi;0;0;2;1;3;3;2;11;7;15;23;16;7;90
8;FRANCA;18;FRANCA;35081;TRÊS COLINAS;353630 Patrocínio Paulista;0;0;0;0;6;20;31;32;15;9;14;16;6;149
11;PRESIDENTE PRUDENTE;22;PRESIDENTE VENCESLAU;35111;ALTA PAULISTA;353640 Paulicéia;0;0;2;1;1;1;5;5;3;0;0;0;0;18
7;CAMPINAS;17;CAMPINAS;35072;REG METRO CAMPINAS;353650 Paulínia;29;30;44;62;71;63;108;156;162;171;179;197;159;1431
6;BAURU;15;BAURU;35062;BAURU;353657 Paulistânia;0;0;0;0;0;0;0;0;0;1;1;5;1;8
15;SÃO JOSÉ DO RIO PRETO;29;SAO JOSE DO RIO PRETO;35155;SÃO JOSÉ DO RIO PRETO;353660 Paulo de Faria;3;8;7;5;20;24;38;31;69;84;81;28;14;412
6;BAURU;15;BAURU;35062;BAURU;353670 Pederneiras;133;221;291;292;282;230;285;253;115;71;117;105;82;2477
7;CAMPINAS;17;CAMPINAS;35071;BRAGANÇA;353680 Pedra Bela;0;0;0;0;0;1;2;4;4;2;0;3;2;18
15;SÃO JOSÉ DO RIO PRETO;30;JALES;35154;FERNANDÓPOLIS;353690 Pedranópolis;0;0;0;0;0;1;0;0;0;0;1;1;0;3
8;FRANCA;18;FRANCA;35081;TRÊS COLINAS;353700 Pedregulho;8;20;17;34;17;12;17;11;13;4;4;2;0;159
7;CAMPINAS;17;CAMPINAS;35072;REG METRO CAMPINAS;353710 Pedreira;1;2;3;3;6;4;19;42;23;30;34;23;49;239
9;MARÍLIA;13;ASSIS;35092;ASSIS;353715 Pedrinhas Paulista;0;0;0;0;0;0;0;2;8;6;4;9;4;33
12;REGISTRO;23;REGISTRO;35121;VALE DO RIBEIRA;353720 Pedro de Toledo;0;0;0;0;0;0;0;0;0;0;0;0;0;0
2;ARAÇATUBA;11;ARACATUBA;35023;CONSÓRCIOS DO DRS II;353730 Penápolis;0;0;0;0;2;2;3;1;2;0;0;4;1;15
2;ARAÇATUBA;11;ARACATUBA;35022;LAGOS DO DRS II;353740 Pereira Barreto;0;1;0;0;0;0;1;4;3;3;4;5;11;32
6;BAURU;16;BOTUCATU;35063;POLO CUESTA;353750 Pereiras;0;0;0;0;0;2;1;1;0;0;0;2;0;6
4;BAIXADA SANTISTA;25;SANTOS;35041;BAIXADA SANTISTA;353760 Peruíbe;2;4;4;2;13;22;23;24;28;56;54;97;103;432
2;ARAÇATUBA;11;ARACATUBA;35023;CONSÓRCIOS DO DRS II;353770 Piacatu;1;0;0;1;0;0;1;2;1;1;1;0;0;8
16;SOROCABA;31;SOROCABA;35163;SOROCABA;353780 Piedade;0;1;0;2;0;1;2;7;7;11;10;18;22;81
16;SOROCABA;31;SOROCABA;35163;SOROCABA;353790 Pilar do Sul;0;0;4;0;0;0;1;4;3;1;8;4;2;27
17;TAUBATÉ;33;TAUBATE;35174;V. PARAÍBA-REG. SERRANA;353800 Pindamonhangaba;428;559;763;859;906;1118;1323;1300;1107;520;422;110;43;9458
15;SÃO JOSÉ DO RIO PRETO;29;SAO JOSE DO RIO PRETO;35151;CATANDUVA;353810 Pindorama;8;7;3;12;9;12;22;18;28;23;22;37;34;235
7;CAMPINAS;17;CAMPINAS;35071;BRAGANÇA;353820 Pinhalzinho;0;0;1;1;2;2;1;3;3;3;1;0;0;17
11;PRESIDENTE PRUDENTE;22;PRESIDENTE VENCESLAU;35114;EXTREMO OESTE PAULISTA;353830 Piquerobi;0;0;0;0;0;0;0;0;0;1;1;0;0;2
17;TAUBATÉ;33;TAUBATE;35172;CIRCUITO DA FÉ - VALE HISTÓRICO;353850 Piquete;0;1;2;6;6;12;19;43;39;45;30;46;62;311
7;CAMPINAS;17;CAMPINAS;35071;BRAGANÇA;353860 Piracaia;0;0;0;3;0;2;1;4;1;0;0;0;0;11
10;PIRACICABA;20;PIRACICABA;35103;PIRACICABA;353870 Piracicaba;130;207;238;390;303;321;404;528;602;852;1074;1267;1013;7329
6;BAURU;16;BOTUCATU;35061;VALE DO JURUMIRIM;353880 Piraju;0;0;1;9;6;13;24;15;36;38;82;105;77;406
6;BAURU;15;BAURU;35062;BAURU;353890 Pirajuí;0;0;0;1;0;0;1;2;1;1;1;2;0;9
15;SÃO JOSÉ DO RIO PRETO;29;SAO JOSE DO RIO PRETO;35151;CATANDUVA;353900 Pirangi;1;3;1;7;32;24;38;36;35;39;43;28;16;303
1;GRANDE SÃO PAULO;10;OSASCO;35014;ROTA DOS BANDEIRANTES;353910 Pirapora do Bom Jesus;0;0;0;0;0;3;4;1;3;5;4;1;3;24
11;PRESIDENTE PRUDENTE;21;PRESIDENTE PRUDENTE;35112;ALTA SOROCABANA;353920 Pirapozinho;0;0;2;2;0;1;1;2;1;6;5;1;2;23
10;PIRACICABA;20;PIRACICABA;35101;ARARAS;353930 Pirassununga;35;34;54;61;68;78;153;170;220;276;263;230;161;1803
6;BAURU;15;BAURU;35062;BAURU;353940 Piratininga;0;0;0;0;1;0;4;3;1;4;1;4;1;19
13;RIBEIRÃO PRETO;24;RIBEIRAO PRETO;35131;HORIZONTE VERDE;353950 Pitangueiras;0;0;4;6;4;3;10;15;20;9;25;24;16;136
15;SÃO JOSÉ DO RIO PRETO;29;SAO JOSE DO RIO PRETO;35156;JOSÉ BONIFÁCIO;353960 Planalto;2;1;1;1;2;4;2;2;1;2;0;0;0;18
9;MARÍLIA;13;ASSIS;35092;ASSIS;353970 Platina;1;0;0;2;2;7;5;6;2;0;9;5;4;43
1;GRANDE SÃO PAULO;8;MOGI DAS CRUZES;35011;ALTO DO TIETÊ;353980 Poá;6;9;10;35;30;91;91;18;13;3;8;7;7;328
15;SÃO JOSÉ DO RIO PRETO;29;SAO JOSE DO RIO PRETO;35156;JOSÉ BONIFÁCIO;353990 Poloni;0;0;0;0;0;0;0;0;0;0;0;0;0;0
9;MARÍLIA;19;MARILIA;35093;MARÍLIA;354000 Pompéia;3;3;3;7;7;4;0;7;20;21;20;27;24;146
6;BAURU;15;BAURU;35065;LINS;354010 Pongaí;4;12;27;7;7;6;5;8;5;4;7;2;0;94
13;RIBEIRÃO PRETO;24;RIBEIRAO PRETO;35131;HORIZONTE VERDE;354020 Pontal;3;6;8;10;16;12;22;30;30;30;37;43;22;269
15;SÃO JOSÉ DO RIO PRETO;30;JALES;35153;JALES;354025 Pontalinda;0;0;0;0;0;0;1;0;0;0;1;0;1;3
15;SÃO JOSÉ DO RIO PRETO;29;SAO JOSE DO RIO PRETO;35157;VOTUPORANGA;354030 Pontes Gestal;0;0;0;0;2;0;0;1;1;1;3;0;5;13
15;SÃO JOSÉ DO RIO PRETO;30;JALES;35154;FERNANDÓPOLIS;354040 Populina;0;1;1;0;1;0;0;4;16;2;1;1;3;30
6;BAURU;16;BOTUCATU;35063;POLO CUESTA;354050 Porangaba;0;0;0;0;0;0;0;0;0;1;1;2;12;16
16;SOROCABA;31;SOROCABA;35163;SOROCABA;354060 Porto Feliz;2;3;6;4;8;4;10;15;29;31;25;70;57;264
3;ARARAQUARA;12;ARARAQUARA;35032;CORAÇÃO DO DRS III;354070 Porto Ferreira;5;1;3;4;8;11;27;22;25;34;67;51;58;316
17;TAUBATÉ;33;TAUBATE;35172;CIRCUITO DA FÉ - VALE HISTÓRICO;354075 Potim;8;5;13;11;34;63;56;64;67;72;38;15;12;458
15;SÃO JOSÉ DO RIO PRETO;29;SAO JOSE DO RIO PRETO;35155;SÃO JOSÉ DO RIO PRETO;354080 Potirendaba;1;2;0;0;1;0;3;1;3;1;1;1;2;16
9;MARÍLIA;19;MARILIA;35091;ADAMANTINA ;354085 Pracinha;0;0;0;0;0;0;0;0;0;0;0;0;0;0
13;RIBEIRÃO PRETO;24;RIBEIRAO PRETO;35131;HORIZONTE VERDE;354090 Pradópolis;0;3;0;2;0;1;0;3;1;0;3;2;4;19
4;BAIXADA SANTISTA;25;SANTOS;35041;BAIXADA SANTISTA;354100 Praia Grande;1;4;12;14;25;26;39;60;34;37;16;10;3;281
6;BAURU;16;BOTUCATU;35063;POLO CUESTA;354105 Pratânia;0;0;0;0;0;0;0;2;1;2;3;2;10;20
6;BAURU;15;BAURU;35062;BAURU;354110 Presidente Alves;0;0;0;0;1;0;0;4;0;0;0;0;0;5
11;PRESIDENTE PRUDENTE;21;PRESIDENTE PRUDENTE;35112;ALTA SOROCABANA;354120 Presidente Bernardes;0;0;0;0;0;1;1;1;1;0;0;1;1;6
11;PRESIDENTE PRUDENTE;22;PRESIDENTE VENCESLAU;35114;EXTREMO OESTE PAULISTA;354130 Presidente Epitácio;0;0;0;0;0;1;5;1;1;1;1;1;2;13
11;PRESIDENTE PRUDENTE;21;PRESIDENTE PRUDENTE;35112;ALTA SOROCABANA;354140 Presidente Prudente;1;2;1;5;4;2;8;8;9;10;8;15;13;86
11;PRESIDENTE PRUDENTE;22;PRESIDENTE VENCESLAU;35114;EXTREMO OESTE PAULISTA;354150 Presidente Venceslau;0;0;1;1;1;1;0;2;3;4;0;2;2;17
6;BAURU;15;BAURU;35065;LINS;354160 Promissão;0;0;1;3;2;4;4;1;1;1;6;1;3;27
16;SOROCABA;31;SOROCABA;35161;ITAPETININGA;354165 Quadra;0;0;0;0;0;0;0;0;0;0;0;0;0;0
11;PRESIDENTE PRUDENTE;21;PRESIDENTE PRUDENTE;35113;ALTO CAPIVARI;354170 Quatá;0;0;0;0;0;0;2;3;3;2;3;2;0;15
9;MARÍLIA;19;MARILIA;35095;TUPÃ;354180 Queiroz;0;0;0;0;0;0;4;10;0;1;0;0;1;16
17;TAUBATÉ;33;TAUBATE;35172;CIRCUITO DA FÉ - VALE HISTÓRICO;354190 Queluz;0;1;0;0;0;1;0;2;3;1;1;3;9;21
9;MARÍLIA;19;MARILIA;35093;MARÍLIA;354200 Quintana;0;1;1;0;0;2;0;0;0;1;0;1;0;6
10;PIRACICABA;20;PIRACICABA;35103;PIRACICABA;354210 Rafard;4;2;5;4;7;11;24;30;37;54;78;65;92;413
11;PRESIDENTE PRUDENTE;21;PRESIDENTE PRUDENTE;35113;ALTO CAPIVARI;354220 Rancharia;1;1;1;2;0;2;2;4;6;9;7;4;8;47
17;TAUBATÉ;33;TAUBATE;35174;V. PARAÍBA-REG. SERRANA;354230 Redenção da Serra;0;0;0;0;0;0;2;5;3;8;7;20;17;62
11;PRESIDENTE PRUDENTE;21;PRESIDENTE PRUDENTE;35112;ALTA SOROCABANA;354240 Regente Feijó;0;0;0;0;0;0;1;0;4;1;5;2;1;14
6;BAURU;15;BAURU;35062;BAURU;354250 Reginópolis;1;1;8;4;13;20;44;34;34;43;56;69;31;358
12;REGISTRO;23;REGISTRO;35121;VALE DO RIBEIRA;354260 Registro;2;4;6;16;20;8;22;71;159;121;71;47;37;584
8;FRANCA;18;FRANCA;35081;TRÊS COLINAS;354270 Restinga;7;14;9;34;10;18;39;41;27;32;10;12;9;262
16;SOROCABA;32;ITAPEVA;35162;ITAPEVA;354280 Ribeira;0;0;0;0;0;0;0;0;0;0;0;0;5;5
3;ARARAQUARA;12;ARARAQUARA;35032;CORAÇÃO DO DRS III;354290 Ribeirão Bonito;0;1;0;3;1;7;6;18;17;14;18;24;21;130
16;SOROCABA;32;ITAPEVA;35162;ITAPEVA;354300 Ribeirão Branco;0;0;0;0;0;0;1;0;0;0;0;0;0;1
8;FRANCA;18;FRANCA;35081;TRÊS COLINAS;354310 Ribeirão Corrente;2;1;5;3;6;5;4;4;3;7;0;0;0;40
9;MARÍLIA;13;ASSIS;35094;OURINHOS;354320 Ribeirão do Sul;0;1;1;0;2;0;2;1;0;0;0;1;0;8
11;PRESIDENTE PRUDENTE;21;PRESIDENTE PRUDENTE;35112;ALTA SOROCABANA;354323 Ribeirão dos Ándios;0;0;0;0;1;0;0;0;0;1;0;0;0;2
16;SOROCABA;31;SOROCABA;35161;ITAPETININGA;354325 Ribeirão Grande;0;0;0;0;0;0;0;0;1;1;1;1;1;5
1;GRANDE SÃO PAULO;7;SANTO ANDRE;35015;GRANDE ABC;354330 Ribeirão Pires;0;0;1;2;5;6;4;8;14;20;16;30;24;130
13;RIBEIRÃO PRETO;24;RIBEIRAO PRETO;35132;AQUÍFERO GUARANI;354340 Ribeirão Preto;360;539;638;900;1.031;1201;1619;1537;1605;1517;1119;974;596;13636
16;SOROCABA;32;ITAPEVA;35162;ITAPEVA;354350 Riversul;0;0;0;0;0;1;1;17;14;11;36;23;19;122
8;FRANCA;18;FRANCA;35081;TRÊS COLINAS;354360 Rifaina;0;0;0;1;2;0;0;1;0;1;7;10;8;30
3;ARARAQUARA;12;ARARAQUARA;35031;CENTRAL DO DRS III;354370 Rincão;0;0;0;0;1;1;2;3;3;4;14;5;1;34
9;MARÍLIA;19;MARILIA;35095;TUPÃ;354380 Rinópolis;0;2;0;1;0;1;1;1;1;0;0;0;0;7
10;PIRACICABA;20;PIRACICABA;35104;RIO CLARO;354390 Rio Claro;6;4;7;9;16;36;58;78;84;145;139;130;127;839
10;PIRACICABA;20;PIRACICABA;35103;PIRACICABA;354400 Rio das Pedras;1;1;1;2;3;4;8;6;16;11;10;21;11;95
1;GRANDE SÃO PAULO;7;SANTO ANDRE;35015;GRANDE ABC;354410 Rio Grande da Serra;0;0;0;1;1;4;6;5;2;1;2;1;1;24
15;SÃO JOSÉ DO RIO PRETO;29;SAO JOSE DO RIO PRETO;35157;VOTUPORANGA;354420 Riolândia;0;1;0;0;2;1;0;2;1;3;5;4;6;25
11;PRESIDENTE PRUDENTE;22;PRESIDENTE VENCESLAU;35115;PONTAL DO PARANAPANEMA;354425 Rosana;0;0;0;0;2;5;2;2;6;2;2;2;0;23
17;TAUBATÉ;33;TAUBATE;35172;CIRCUITO DA FÉ - VALE HISTÓRICO;354430 Roseira;4;12;14;16;10;19;31;24;34;47;40;31;25;307
2;ARAÇATUBA;11;ARACATUBA;35021;CENTRAL DO DRS II;354440 Rubiácea;0;0;0;1;0;0;2;1;3;1;2;0;0;10
15;SÃO JOSÉ DO RIO PRETO;30;JALES;35152;SANTA FÉ DO SUL;354450 Rubinéia;0;0;0;0;0;0;0;2;0;0;0;2;1;5
6;BAURU;15;BAURU;35065;LINS;354460 Sabino;0;0;0;2;0;0;1;0;0;1;2;9;1;16
9;MARÍLIA;19;MARILIA;35091;ADAMANTINA ;354470 Sagres;1;2;1;1;0;0;1;1;1;3;0;3;3;17
15;SÃO JOSÉ DO RIO PRETO;29;SAO JOSE DO RIO PRETO;35151;CATANDUVA;354480 Sales;6;20;24;42;29;20;30;16;16;17;15;11;8;254
8;FRANCA;18;FRANCA;35082;ALTA ANHANGUERA;354490 Sales Oliveira;0;0;0;0;0;2;3;5;0;1;0;2;2;15
1;GRANDE SÃO PAULO;8;MOGI DAS CRUZES;35011;ALTO DO TIETÊ;354500 Salesópolis;0;0;0;0;0;0;0;3;1;3;1;0;0;8
9;MARÍLIA;19;MARILIA;35091;ADAMANTINA ;354510 Salmourão;0;0;0;2;0;3;1;0;4;1;1;0;0;12
10;PIRACICABA;20;PIRACICABA;35103;PIRACICABA;354515 Saltinho;0;0;3;3;0;1;4;5;18;26;39;64;76;239
16;SOROCABA;31;SOROCABA;35163;SOROCABA;354520 Salto;7;7;15;12;19;29;44;50;68;83;152;187;122;795
16;SOROCABA;31;SOROCABA;35163;SOROCABA;354530 Salto de Pirapora;0;0;1;1;0;6;7;7;17;14;20;53;78;204
9;MARÍLIA;13;ASSIS;35094;OURINHOS;354540 Salto Grande;0;1;0;0;1;0;1;1;0;1;0;0;0;5
11;PRESIDENTE PRUDENTE;21;PRESIDENTE PRUDENTE;35112;ALTA SOROCABANA;354550 Sandovalina;0;0;0;0;0;0;0;0;0;1;1;2;1;5
15;SÃO JOSÉ DO RIO PRETO;29;SAO JOSE DO RIO PRETO;35151;CATANDUVA;354560 Santa Adélia;0;2;3;5;6;9;4;9;13;2;11;6;6;76
15;SÃO JOSÉ DO RIO PRETO;30;JALES;35153;JALES;354570 Santa Albertina;0;0;0;1;1;0;0;0;1;0;0;0;0;3
7;CAMPINAS;17;CAMPINAS;35072;REG METRO CAMPINAS;354580 Santa Bárbara d'Oeste;10;26;26;34;66;65;93;108;196;207;211;164;37;1243
17;TAUBATÉ;27;SAO JOSE DOS CAMPOS;35171;ALTO VALE DO PARAÍBA;354600 Santa Branca;0;2;2;13;14;30;47;66;96;29;38;61;100;498
15;SÃO JOSÉ DO RIO PRETO;30;JALES;35152;SANTA FÉ DO SUL;354610 Santa Clara d'Oeste;0;0;0;0;0;0;0;0;0;0;0;0;0;0
10;PIRACICABA;20;PIRACICABA;35101;ARARAS;354620 Santa Cruz da Conceição;0;0;0;1;0;0;1;1;1;0;0;6;8;18
13;RIBEIRÃO PRETO;24;RIBEIRAO PRETO;35133;VALE DAS CACHOEIRAS;354625 Santa Cruz da Esperança;0;0;0;0;0;0;0;0;0;5;10;15;18;48
14;SÃO JOÃO DA BOA VISTA;26;SAO JOAO DA BOA VISTA;35142;MANTIQUEIRA;354630 Santa Cruz das Palmeiras;15;27;52;101;96;125;194;98;165;115;63;83;23;1157
9;MARÍLIA;13;ASSIS;35094;OURINHOS;354640 Santa Cruz do Rio Pardo;2;4;4;11;6;17;17;21;27;12;48;67;110;346
3;ARARAQUARA;12;ARARAQUARA;35033;NOROESTE DRS III;354650 Santa Ernestina;0;1;1;1;0;0;0;1;0;0;1;0;1;6
15;SÃO JOSÉ DO RIO PRETO;30;JALES;35152;SANTA FÉ DO SUL;354660 Santa Fé do Sul;0;3;3;3;1;0;1;3;6;3;4;2;1;30
10;PIRACICABA;20;PIRACICABA;35104;RIO CLARO;354670 Santa Gertrudes;0;3;2;7;7;10;12;33;41;45;59;75;38;332
1;GRANDE SÃO PAULO;8;MOGI DAS CRUZES;35011;ALTO DO TIETÊ;354680 Santa Isabel;5;2;9;28;20;28;51;70;75;60;122;107;61;638
3;ARARAQUARA;12;ARARAQUARA;35031;CENTRAL DO DRS III;354690 Santa Lúcia;0;0;0;0;0;0;0;1;0;0;2;0;0;3
10;PIRACICABA;20;PIRACICABA;35103;PIRACICABA;354700 Santa Maria da Serra;0;1;0;0;1;0;0;3;1;2;5;5;5;23
11;PRESIDENTE PRUDENTE;22;PRESIDENTE VENCESLAU;35111;ALTA PAULISTA;354710 Santa Mercedes;0;2;0;0;1;0;0;0;0;2;0;0;0;5
15;SÃO JOSÉ DO RIO PRETO;30;JALES;35153;JALES;354720 Santana da Ponte Pensa;0;0;0;0;0;0;1;0;0;0;0;0;0;1
1;GRANDE SÃO PAULO;10;OSASCO;35014;ROTA DOS BANDEIRANTES;354730 Santana de Parnaíba;3;3;4;19;15;27;47;77;107;174;268;416;325;1485
15;SÃO JOSÉ DO RIO PRETO;30;JALES;35152;SANTA FÉ DO SUL;354740 Santa Rita d'Oeste;0;0;0;0;1;0;0;0;0;1;0;0;0;2
13;RIBEIRÃO PRETO;24;RIBEIRAO PRETO;35132;AQUÍFERO GUARANI;354750 Santa Rita do Passa Quatro;0;1;0;1;1;4;12;11;14;15;18;20;24;121
13;RIBEIRÃO PRETO;24;RIBEIRAO PRETO;35132;AQUÍFERO GUARANI;354760 Santa Rosa de Viterbo;1;2;1;2;1;2;4;3;10;7;9;12;9;63
15;SÃO JOSÉ DO RIO PRETO;30;JALES;35153;JALES;354765 Santa Salete;0;0;0;0;0;0;0;0;0;0;0;0;0;0
11;PRESIDENTE PRUDENTE;21;PRESIDENTE PRUDENTE;35112;ALTA SOROCABANA;354770 Santo Anastácio;0;0;0;1;1;3;1;2;2;1;2;1;1;15
1;GRANDE SÃO PAULO;7;SANTO ANDRE;35015;GRANDE ABC;354780 Santo André;12;18;29;46;68;86;125;190;230;340;562;492;222;2420
13;RIBEIRÃO PRETO;24;RIBEIRAO PRETO;35133;VALE DAS CACHOEIRAS;354790 Santo Antônio da Alegria;0;1;0;7;8;2;8;6;10;1;11;16;9;79
7;CAMPINAS;17;CAMPINAS;35072;REG METRO CAMPINAS;354800 Santo Antônio de Posse;1;2;6;3;14;22;22;73;72;19;20;25;23;302
2;ARAÇATUBA;11;ARACATUBA;35021;CENTRAL DO DRS II;354805 Santo Antônio do Aracanguá;0;0;0;1;0;0;1;0;2;1;0;1;0;6
14;SÃO JOÃO DA BOA VISTA;26;SAO JOAO DA BOA VISTA;35142;MANTIQUEIRA;354810 Santo Antônio do Jardim;1;1;1;5;6;11;12;18;20;16;38;21;32;182
17;TAUBATÉ;33;TAUBATE;35174;V. PARAÍBA-REG. SERRANA;354820 Santo Antônio do Pinhal;0;0;0;0;0;0;0;0;1;1;0;1;1;4
11;PRESIDENTE PRUDENTE;21;PRESIDENTE PRUDENTE;35112;ALTA SOROCABANA;354830 Santo Expedito;0;0;0;0;0;1;0;0;1;0;0;0;0;2
2;ARAÇATUBA;11;ARACATUBA;35023;CONSÓRCIOS DO DRS II;354840 Santópolis do Aguapeí;0;0;0;0;0;0;0;0;2;0;1;0;0;3
4;BAIXADA SANTISTA;25;SANTOS;35041;BAIXADA SANTISTA;354850 Santos;42;51;39;65;82;123;146;168;149;148;140;73;21;1247
17;TAUBATÉ;33;TAUBATE;35174;V. PARAÍBA-REG. SERRANA;354860 São Bento do Sapucaí;0;0;0;0;0;0;7;7;11;19;16;31;29;120
1;GRANDE SÃO PAULO;7;SANTO ANDRE;35015;GRANDE ABC;354870 São Bernardo do Campo;5;5;16;26;33;37;109;111;136;172;165;174;103;1092
1;GRANDE SÃO PAULO;7;SANTO ANDRE;35015;GRANDE ABC;354880 São Caetano do Sul;1;3;9;15;49;78;115;189;224;249;368;379;161;1840
3;ARARAQUARA;12;ARARAQUARA;35032;CORAÇÃO DO DRS III;354890 São Carlos;10;6;14;16;37;62;105;144;172;152;75;117;117;1027
15;SÃO JOSÉ DO RIO PRETO;30;JALES;35153;JALES;354900 São Francisco;0;0;0;0;1;0;0;0;0;2;1;0;0;4
14;SÃO JOÃO DA BOA VISTA;26;SAO JOAO DA BOA VISTA;35142;MANTIQUEIRA;354910 São João da Boa Vista;6;11;14;63;77;117;203;273;379;418;322;177;31;2091
15;SÃO JOSÉ DO RIO PRETO;30;JALES;35154;FERNANDÓPOLIS;354920 São João das Duas Pontes;0;0;0;0;0;0;0;0;0;0;0;0;0;0
15;SÃO JOSÉ DO RIO PRETO;30;JALES;35154;FERNANDÓPOLIS;354925 São João de Iracema;0;0;0;0;0;0;0;0;0;0;0;0;0;0
11;PRESIDENTE PRUDENTE;22;PRESIDENTE VENCESLAU;35111;ALTA PAULISTA;354930 São João do Pau d'Alho;0;2;1;1;0;1;0;1;5;3;3;2;0;19
8;FRANCA;18;FRANCA;35082;ALTA ANHANGUERA;354940 São Joaquim da Barra;2;2;3;6;5;12;7;8;10;14;12;17;18;116
8;FRANCA;18;FRANCA;35081;TRÊS COLINAS;354950 São José da Bela Vista;1;6;6;3;4;2;2;1;1;1;0;0;0;27
17;TAUBATÉ;33;TAUBATE;35172;CIRCUITO DA FÉ - VALE HISTÓRICO;354960 São José do Barreiro;0;0;0;0;2;3;7;10;7;7;14;14;10;74
14;SÃO JOÃO DA BOA VISTA;26;SAO JOAO DA BOA VISTA;35143;RIO PARDO;354970 São José do Rio Pardo;2;6;8;8;21;60;79;59;35;69;79;60;41;527
15;SÃO JOSÉ DO RIO PRETO;29;SAO JOSE DO RIO PRETO;35155;SÃO JOSÉ DO RIO PRETO;354980 São José do Rio Preto;160;167;280;273;415;504;572;763;517;202;200;180;110;4343
17;TAUBATÉ;27;SAO JOSE DOS CAMPOS;35171;ALTO VALE DO PARAÍBA;354990 São José dos Campos;56;122;188;288;387;638;947;1415;2843;3906;4079;4708;2932;22509
1;GRANDE SÃO PAULO;10;OSASCO;35013;MANANCIAIS;354995 São Lourenço da Serra;0;1;0;1;1;1;3;3;4;4;3;2;0;23
17;TAUBATÉ;33;TAUBATE;35174;V. PARAÍBA-REG. SERRANA;355000 São Luiz do Paraitinga;0;0;0;0;0;1;1;2;8;8;1;2;0;23
6;BAURU;16;BOTUCATU;35063;POLO CUESTA;355010 São Manuel;31;53;74;133;100;131;172;186;241;259;208;357;169;2114
16;SOROCABA;31;SOROCABA;35161;ITAPETININGA;355020 São Miguel Arcanjo;0;0;1;1;2;0;1;1;3;8;10;7;14;48
1;GRANDE SÃO PAULO;1;CAPITAL;35016;SÃO PAULO;355030 São Paulo;778;1.186;1.725;2.693;3.596;5753;8539;11191;14235;18530;22664;31425;26970;149285
10;PIRACICABA;20;PIRACICABA;35103;PIRACICABA;355040 São Pedro;0;1;1;4;3;9;21;19;17;13;27;33;21;169
9;MARÍLIA;13;ASSIS;35094;OURINHOS;355050 São Pedro do Turvo;0;0;0;0;0;1;1;1;1;2;5;9;10;30
16;SOROCABA;31;SOROCABA;35163;SOROCABA;355060 São Roque;0;0;0;0;2;1;4;14;15;15;22;18;19;110
17;TAUBATÉ;28;CARAGUATATUBA;35173;LITORAL NORTE;355070 São Sebastião;3;9;20;36;36;52;90;142;152;185;237;312;331;1605
14;SÃO JOÃO DA BOA VISTA;26;SAO JOAO DA BOA VISTA;35143;RIO PARDO;355080 São Sebastião da Grama;0;0;0;0;2;0;1;1;0;4;13;20;51;92
13;RIBEIRÃO PRETO;24;RIBEIRAO PRETO;35132;AQUÍFERO GUARANI;355090 São Simão;0;0;0;0;0;1;1;2;4;6;3;3;1;21
4;BAIXADA SANTISTA;25;SANTOS;35041;BAIXADA SANTISTA;355100 São Vicente;7;7;13;8;26;28;46;55;52;60;53;33;9;397
16;SOROCABA;31;SOROCABA;35161;ITAPETININGA;355110 Sarapuí;0;0;0;1;0;0;2;1;0;2;4;10;4;24
6;BAURU;16;BOTUCATU;35061;VALE DO JURUMIRIM;355120 Sarutaiá;0;1;1;2;2;1;9;4;5;4;10;18;14;71
15;SÃO JOSÉ DO RIO PRETO;29;SAO JOSE DO RIO PRETO;35157;VOTUPORANGA;355130 Sebastianópolis do Sul;0;0;0;0;0;0;0;1;0;1;0;0;0;2
13;RIBEIRÃO PRETO;24;RIBEIRAO PRETO;35132;AQUÍFERO GUARANI;355140 Serra Azul;0;0;1;0;1;2;3;3;8;5;9;9;17;58
13;RIBEIRÃO PRETO;24;RIBEIRAO PRETO;35132;AQUÍFERO GUARANI;355150 Serrana;6;5;21;44;60;119;140;195;470;398;492;526;388;2864
7;CAMPINAS;17;CAMPINAS;35074;CIRCUITO DAS AGUAS;355160 Serra Negra;0;2;1;2;5;2;2;3;7;3;5;7;11;50
13;RIBEIRÃO PRETO;24;RIBEIRAO PRETO;35131;HORIZONTE VERDE;355170 Sertãozinho;2;1;6;2;15;10;9;17;30;26;42;45;38;243
12;REGISTRO;23;REGISTRO;35121;VALE DO RIBEIRA;355180 Sete Barras;3;13;23;23;16;9;22;25;37;27;23;22;22;265
5;BARRETOS;14;BARRETOS;35051;NORTE-BARRETOS;355190 Severínia;1;0;0;0;2;1;2;1;0;1;9;6;2;25
17;TAUBATÉ;33;TAUBATE;35172;CIRCUITO DA FÉ - VALE HISTÓRICO;355200 Silveiras;0;0;0;0;0;0;0;0;1;0;1;0;0;2
7;CAMPINAS;17;CAMPINAS;35071;BRAGANÇA;355210 Socorro;1;1;1;2;5;23;21;35;84;82;69;140;84;548
16;SOROCABA;31;SOROCABA;35163;SOROCABA;355220 Sorocaba;28;45;84;167;187;301;454;561;736;870;1274;1843;1146;7696
2;ARAÇATUBA;11;ARACATUBA;35022;LAGOS DO DRS II;355230 Sud Mennucci;0;0;0;0;0;0;0;0;0;0;0;0;0;0
7;CAMPINAS;17;CAMPINAS;35072;REG METRO CAMPINAS;355240 Sumaré;11;15;24;34;39;56;86;125;141;233;302;287;201;1554
1;GRANDE SÃO PAULO;8;MOGI DAS CRUZES;35011;ALTO DO TIETÊ;355250 Suzano;17;43;86;172;182;260;299;306;316;346;254;186;76;2543
2;ARAÇATUBA;11;ARACATUBA;35022;LAGOS DO DRS II;355255 Suzanápolis;0;0;0;0;0;0;0;0;0;0;0;2;0;2
15;SÃO JOSÉ DO RIO PRETO;29;SAO JOSE DO RIO PRETO;35151;CATANDUVA;355260 Tabapuã;1;3;11;13;18;12;28;33;34;50;45;54;25;327
3;ARARAQUARA;12;ARARAQUARA;35033;NOROESTE DRS III;355270 Tabatinga;0;0;1;3;2;1;0;1;4;7;4;2;0;25
1;GRANDE SÃO PAULO;10;OSASCO;35013;MANANCIAIS;355280 Taboão da Serra;3;2;4;4;11;21;10;21;27;27;37;38;41;246
11;PRESIDENTE PRUDENTE;21;PRESIDENTE PRUDENTE;35112;ALTA SOROCABANA;355290 Taciba;0;0;0;2;1;0;0;0;0;0;0;0;0;3
6;BAURU;16;BOTUCATU;35061;VALE DO JURUMIRIM;355300 Taguaí;0;0;0;0;2;9;10;75;51;111;164;212;190;824
5;BARRETOS;14;BARRETOS;35052;SUL-BARRETOS;355310 Taiaçu;0;0;0;2;2;1;0;2;3;2;1;1;1;15
5;BARRETOS;14;BARRETOS;35052;SUL-BARRETOS;355320 Taiúva;0;0;0;4;0;0;2;6;4;10;3;2;3;34
14;SÃO JOÃO DA BOA VISTA;26;SAO JOAO DA BOA VISTA;35142;MANTIQUEIRA;355330 Tambaú;0;2;4;14;21;20;43;58;71;90;127;109;134;693
15;SÃO JOSÉ DO RIO PRETO;29;SAO JOSE DO RIO PRETO;35155;SÃO JOSÉ DO RIO PRETO;355340 Tanabi;1;1;3;2;3;4;4;5;1;0;3;3;1;31
16;SOROCABA;31;SOROCABA;35163;SOROCABA;355350 Tapiraí;0;0;0;0;0;0;0;0;0;0;0;0;1;1
14;SÃO JOÃO DA BOA VISTA;26;SAO JOAO DA BOA VISTA;35143;RIO PARDO;355360 Tapiratiba;1;0;1;16;14;11;30;31;31;82;72;121;121;531
5;BARRETOS;14;BARRETOS;35052;SUL-BARRETOS;355365 Taquaral;2;0;2;1;3;1;6;4;7;4;11;9;4;54
3;ARARAQUARA;12;ARARAQUARA;35033;NOROESTE DRS III;355370 Taquaritinga;1;1;0;2;1;0;1;3;10;3;0;1;1;24
6;BAURU;16;BOTUCATU;35061;VALE DO JURUMIRIM;355380 Taquarituba;0;0;0;0;0;0;0;0;2;2;6;4;16;30
16;SOROCABA;32;ITAPEVA;35162;ITAPEVA;355385 Taquarivaí;0;0;0;0;0;0;0;0;0;0;0;0;0;0
11;PRESIDENTE PRUDENTE;21;PRESIDENTE PRUDENTE;35112;ALTA SOROCABANA;355390 Tarabaí;0;0;0;0;0;0;1;2;1;1;0;0;1;6
9;MARÍLIA;13;ASSIS;35092;ASSIS;355395 Tarumã;4;7;10;22;19;37;35;29;43;19;16;11;10;262
16;SOROCABA;31;SOROCABA;35161;ITAPETININGA;355400 Tatuí;0;0;1;4;2;0;5;3;4;3;10;15;18;65
17;TAUBATÉ;33;TAUBATE;35174;V. PARAÍBA-REG. SERRANA;355410 Taubaté;103;164;261;485;471;526;544;715;993;401;222;114;46;5045
6;BAURU;16;BOTUCATU;35061;VALE DO JURUMIRIM;355420 Tejupá;0;0;0;0;0;0;0;0;0;0;0;0;2;2
11;PRESIDENTE PRUDENTE;22;PRESIDENTE VENCESLAU;35115;PONTAL DO PARANAPANEMA;355430 Teodoro Sampaio;0;0;0;0;0;1;0;0;1;0;1;0;0;3
5;BARRETOS;14;BARRETOS;35052;SUL-BARRETOS;355440 Terra Roxa;0;0;0;0;10;4;4;2;1;0;3;1;0;25
16;SOROCABA;31;SOROCABA;35163;SOROCABA;355450 Tietê;0;0;0;1;7;1;3;14;11;20;36;35;38;166
9;MARÍLIA;13;ASSIS;35094;OURINHOS;355460 Timburi;0;0;0;0;0;0;1;0;1;0;0;0;3;5
6;BAURU;16;BOTUCATU;35063;POLO CUESTA;355465 Torre de Pedra;0;0;0;0;0;0;0;0;0;0;0;1;0;1
6;BAURU;15;BAURU;35064;JAU;355470 Torrinha;0;0;0;0;2;1;4;10;2;20;34;32;6;111
3;ARARAQUARA;12;ARARAQUARA;35031;CENTRAL DO DRS III;355475 Trabiju;0;1;0;0;1;1;0;0;1;0;0;2;0;6
17;TAUBATÉ;33;TAUBATE;35174;V. PARAÍBA-REG. SERRANA;355480 Tremembé;47;58;116;180;212;234;312;242;168;131;125;69;43;1937
15;SÃO JOSÉ DO RIO PRETO;30;JALES;35152;SANTA FÉ DO SUL;355490 Três Fronteiras;0;0;0;0;0;0;0;0;0;1;0;0;1;2
7;CAMPINAS;17;CAMPINAS;35071;BRAGANÇA;355495 Tuiuti;0;0;1;0;0;3;3;4;2;6;4;8;6;37
9;MARÍLIA;19;MARILIA;35095;TUPÃ;355500 Tupã;5;4;9;10;14;17;18;34;33;27;37;33;31;272
11;PRESIDENTE PRUDENTE;22;PRESIDENTE VENCESLAU;35111;ALTA PAULISTA;355510 Tupi Paulista;0;1;2;1;2;6;7;5;7;4;3;3;0;41
2;ARAÇATUBA;11;ARACATUBA;35023;CONSÓRCIOS DO DRS II;355520 Turiúba;0;0;1;0;1;0;0;0;0;0;0;0;0;2
15;SÃO JOSÉ DO RIO PRETO;30;JALES;35154;FERNANDÓPOLIS;355530 Turmalina;0;0;0;1;0;0;2;0;1;1;0;0;0;5
15;SÃO JOSÉ DO RIO PRETO;29;SAO JOSE DO RIO PRETO;35156;JOSÉ BONIFÁCIO;355535 Ubarana;0;0;0;0;0;1;1;0;0;1;0;2;1;6
17;TAUBATÉ;28;CARAGUATATUBA;35173;LITORAL NORTE;355540 Ubatuba;86;65;110;98;127;179;206;250;360;448;479;241;186;2835
9;MARÍLIA;19;MARILIA;35093;MARÍLIA;355550 Ubirajara;0;0;0;0;0;0;0;1;4;3;5;7;2;22
15;SÃO JOSÉ DO RIO PRETO;29;SAO JOSE DO RIO PRETO;35155;SÃO JOSÉ DO RIO PRETO;355560 Uchoa;1;1;1;2;0;1;2;3;0;2;1;1;1;16
15;SÃO JOSÉ DO RIO PRETO;29;SAO JOSE DO RIO PRETO;35156;JOSÉ BONIFÁCIO;355570 União Paulista;0;0;0;0;0;0;0;0;1;0;0;0;0;1
15;SÃO JOSÉ DO RIO PRETO;30;JALES;35153;JALES;355580 Urânia;0;0;0;2;1;0;1;3;1;1;1;0;2;12
6;BAURU;15;BAURU;35065;LINS;355590 Uru;0;0;0;0;0;0;1;1;0;1;0;0;0;3
15;SÃO JOSÉ DO RIO PRETO;29;SAO JOSE DO RIO PRETO;35151;CATANDUVA;355600 Urupês;0;1;0;1;0;2;1;3;10;4;20;17;8;67
15;SÃO JOSÉ DO RIO PRETO;29;SAO JOSE DO RIO PRETO;35157;VOTUPORANGA;355610 Valentim Gentil;0;1;0;0;3;0;1;1;2;2;4;5;11;30
7;CAMPINAS;17;CAMPINAS;35072;REG METRO CAMPINAS;355620 Valinhos;19;39;47;66;97;156;178;243;249;271;289;379;303;2336
2;ARAÇATUBA;11;ARACATUBA;35021;CENTRAL DO DRS II;355630 Valparaíso;0;0;0;0;0;1;4;0;3;0;2;3;0;13
7;CAMPINAS;17;CAMPINAS;35071;BRAGANÇA;355635 Vargem;0;0;0;2;0;10;25;44;16;5;4;8;9;123
14;SÃO JOÃO DA BOA VISTA;26;SAO JOAO DA BOA VISTA;35142;MANTIQUEIRA;355640 Vargem Grande do Sul;9;28;73;98;180;164;240;222;292;123;32;1;0;1462
1;GRANDE SÃO PAULO;10;OSASCO;35013;MANANCIAIS;355645 Vargem Grande Paulista;0;0;0;9;12;11;22;12;21;8;12;11;13;131
7;CAMPINAS;17;CAMPINAS;35073;JUNDIAÍ;355650 Várzea Paulista;8;12;21;35;30;54;70;92;137;139;180;202;58;1038
9;MARÍLIA;19;MARILIA;35093;MARÍLIA;355660 Vera Cruz;0;1;3;1;1;1;5;8;6;6;13;10;5;60
7;CAMPINAS;17;CAMPINAS;35072;REG METRO CAMPINAS;355670 Vinhedo;0;6;7;2;5;14;26;25;77;84;141;216;224;827
5;BARRETOS;14;BARRETOS;35052;SUL-BARRETOS;355680 Viradouro;1;2;2;2;3;4;8;5;11;11;13;20;13;95
5;BARRETOS;14;BARRETOS;35052;SUL-BARRETOS;355690 Vista Alegre do Alto;1;0;2;2;0;1;10;18;14;26;39;23;26;162
15;SÃO JOSÉ DO RIO PRETO;30;JALES;35153;JALES;355695 Vitória Brasil;0;0;0;0;1;0;1;0;0;0;0;0;0;2
16;SOROCABA;31;SOROCABA;35163;SOROCABA;355700 Votorantim;29;45;71;113;62;129;175;218;303;286;343;245;184;2203
15;SÃO JOSÉ DO RIO PRETO;29;SAO JOSE DO RIO PRETO;35157;VOTUPORANGA;355710 Votuporanga;81;90;143;169;208;230;210;203;179;147;165;193;52;2070
15;SÃO JOSÉ DO RIO PRETO;29;SAO JOSE DO RIO PRETO;35156;JOSÉ BONIFÁCIO;355715 Zacarias;0;1;0;0;0;1;0;0;0;0;0;0;0;2
9;MARÍLIA;13;ASSIS;35094;OURINHOS;355720 Chavantes;2;0;4;4;1;2;6;4;7;7;6;18;9;70
14;SÃO JOÃO DA BOA VISTA;26;SAO JOAO DA BOA VISTA;35141;BAIXA MOGIANA;355730 Estiva Gerbi;0;0;0;0;0;0;1;1;4;3;4;4;3;20
;;;;;;Total;5.806;8.311;12.315;17.767;21.030;28208;38628;47459;56841;63080;69909;82728;64105;516187
;;;;;;;;;;;;;;;;;;;;
Dados informados pelas Secretarias Municipais de Saúde no Sistema de Informação - SINAN , 15.04.2024;;;;;;;;;;;;;;;;;;;;
*SE (Semana Epidemiológica),  dados SE 01 até SE 13 de 2024 (31/12/2023 até 30/03/2024);;;;;;;;;;;;;;;;;;;;
